PLAYER,SEASON,G,GS
Aaron Brewer,2012,21,0
Aaron Brewer,2013,23,0
Aaron Brewer,2014,21,0
Aaron Brewer,2015,23,0
Aaron Brewer,2016,17,0
Aaron Brewer,2017,13,0
Aaron Brewer,2018,20,0
Aaron Brewer,2019,20,0
Aaron Brewer,2020,16,0
Aaron Brewer,2021,17,0
Aaron Brewer,2022,18,0
Aaron Brewer,2023,20,0
Adam Treu,2004,16,16
Adam Treu,2005,16,10
Adam Treu,2006,11,0
Alex Ward,2023,16,0
Andrew DePaola,2014,20,0
Andrew DePaola,2015,20,0
Andrew DePaola,2016,20,0
Andrew DePaola,2017,18,0
Andrew DePaola,2018,5,0
Andrew DePaola,2020,7,0
Andrew DePaola,2021,20,0
Andrew DePaola,2022,21,0
Andrew DePaola,2023,20,0
Andrew East,2018,3,0
Andrew Economos,2006,3,0
Andrew Economos,2007,17,0
Andrew Economos,2008,20,0
Andrew Economos,2009,20,0
Andrew Economos,2010,20,0
Andrew Economos,2011,13,0
Andrew Economos,2012,19,0
Andrew Economos,2013,20,0
Austin Cutting,2019,22,0
Austin Cutting,2020,9,0
Beau Brinkley,2012,20,0
Beau Brinkley,2013,20,0
Beau Brinkley,2014,20,0
Beau Brinkley,2015,20,0
Beau Brinkley,2016,20,0
Beau Brinkley,2017,20,0
Beau Brinkley,2018,20,0
Beau Brinkley,2019,23,0
Beau Brinkley,2020,7,0
Beau Brinkley,2021,3,0
Blake Ferguson,2020,16,0
Blake Ferguson,2021,20,0
Blake Ferguson,2022,21,0
Blake Ferguson,2023,21,0
Boone Stutz,2007,24,0
Brad St Louis,2005,17,0
Brad St Louis,2006,16,0
Brad St Louis,2007,16,0
Brad St Louis,2008,20,0
Brad St Louis,2009,7,0
Brett Goode,2008,16,0
Brett Goode,2009,21,0
Brett Goode,2010,24,0
Brett Goode,2011,21,0
Brett Goode,2012,22,0
Brett Goode,2013,21,0
Brett Goode,2014,22,0
Brett Goode,2015,18,0
Brett Goode,2016,19,0
Brett Goode,2017,13,0
Brian Jennings,2009,20,0
Brian Jennings,2010,20,0
Brian Jennings,2011,22,0
Brian Jennings,2012,23,0
Bryan Pittman,2007,16,0
Bryan Pittman,2008,16,0
Bryan Pittman,2009,14,0
Cal Adomitis,2022,21,0
Cal Adomitis,2023,20,0
Camaron Cheeseman,2021,20,0
Camaron Cheeseman,2022,20,0
Camaron Cheeseman,2023,17,0
Carson Tinker,2013,20,0
Carson Tinker,2014,20,0
Carson Tinker,2015,20,0
Carson Tinker,2016,20,0
Carson Tinker,2018,9,0
Carson Tinker,2021,11,0
Carson Tinker,2022,18,0
Carson Tinker,2023,6,0
Casey Kreiter,2016,14,0
Casey Kreiter,2017,20,0
Casey Kreiter,2018,20,0
Casey Kreiter,2019,20,0
Casey Kreiter,2020,16,0
Casey Kreiter,2021,20,0
Casey Kreiter,2022,22,0
Casey Kreiter,2023,20,0
Charley Hughlett,2014,3,0
Charley Hughlett,2015,20,0
Charley Hughlett,2016,20,0
Charley Hughlett,2017,20,0
Charley Hughlett,2018,20,0
Charley Hughlett,2019,20,0
Charley Hughlett,2020,18,0
Charley Hughlett,2021,20,0
Charley Hughlett,2022,20,0
Charley Hughlett,2023,22,0
Chris Massey,2007,16,0
Chris Massey,2008,20,0
Chris Massey,2009,9,0
Chris Massey,2010,20,0
Chris Massey,2011,8,0
Chris Stoll,2023,20,0
Christian Kuntz,2021,22,0
Christian Kuntz,2022,20,0
Christian Kuntz,2023,20,0
Christian Yount,2011,32,0
Christian Yount,2012,20,0
Christian Yount,2013,20,0
Christian Yount,2014,20,0
Clark Harris,2010,21,0
Clark Harris,2011,21,0
Clark Harris,2012,21,0
Clark Harris,2013,20,0
Clark Harris,2014,21,0
Clark Harris,2015,21,0
Clark Harris,2016,17,0
Clark Harris,2017,20,0
Clark Harris,2018,20,0
Clark Harris,2019,19,0
Clark Harris,2020,16,0
Clark Harris,2021,24,0
Clark Harris,2022,3,0
Clint Gresham,2010,22,0
Clint Gresham,2011,20,0
Clint Gresham,2012,22,0
Clint Gresham,2013,23,0
Clint Gresham,2014,23,0
Clint Gresham,2015,22,0
Cole Mazza,2019,19,0
Cole Mazza,2020,16,0
Colin Holba,2017,14,0
Colin Holba,2018,4,0
Colin Holba,2019,10,0
Colin Holba,2020,1,0
Cullen Loeffler,2005,16,0
Cullen Loeffler,2006,16,0
Cullen Loeffler,2007,16,0
Cullen Loeffler,2008,21,0
Cullen Loeffler,2009,21,0
Cullen Loeffler,2010,20,0
Cullen Loeffler,2011,15,0
Cullen Loeffler,2012,21,0
Cullen Loeffler,2013,20,0
Cullen Loeffler,2014,20,0
Danny Aiken,2011,23,0
Danny Aiken,2012,22,0
Danny Aiken,2013,22,0
Danny Aiken,2014,22,0
Danny Aiken,2015,6,0
David Binn,2005,16,0
David Binn,2006,17,0
David Binn,2007,19,0
David Binn,2008,22,0
David Binn,2009,20,0
David Binn,2010,5,0
David Binn,2011,3,0
Derek Hart,2017,5,0
Derek Rackley,2006,17,0
Derek Rackley,2007,5,0
Don Muhlbach,2005,13,0
Don Muhlbach,2006,16,0
Don Muhlbach,2007,16,0
Don Muhlbach,2008,20,0
Don Muhlbach,2009,17,0
Don Muhlbach,2010,20,0
Don Muhlbach,2011,21,0
Don Muhlbach,2012,20,0
Don Muhlbach,2013,20,0
Don Muhlbach,2014,21,0
Don Muhlbach,2015,20,0
Don Muhlbach,2016,20,0
Don Muhlbach,2017,20,0
Don Muhlbach,2018,20,0
Don Muhlbach,2019,20,0
Don Muhlbach,2020,16,0
Ethan Albright,2005,18,0
Ethan Albright,2006,16,0
Ethan Albright,2007,17,0
Ethan Albright,2008,21,0
Ethan Albright,2009,19,0
Ethan Albright,2010,2,0
Evan Deckers,2023,3,0
Garrison Sanborn,2009,20,0
Garrison Sanborn,2010,20,0
Garrison Sanborn,2011,20,0
Garrison Sanborn,2012,20,0
Garrison Sanborn,2013,20,0
Garrison Sanborn,2014,21,0
Garrison Sanborn,2015,20,0
Garrison Sanborn,2016,20,0
Garrison Sanborn,2017,19,0
Garrison Sanborn,2018,17,0
Garrison Sanborn,2019,3,0
Greg Warren,2005,20,0
Greg Warren,2006,16,0
Greg Warren,2007,17,0
Greg Warren,2008,11,0
Greg Warren,2009,17,0
Greg Warren,2010,22,0
Greg Warren,2011,21,0
Greg Warren,2012,20,0
Greg Warren,2013,20,0
Greg Warren,2014,18,0
Greg Warren,2015,23,0
Greg Warren,2016,23,0
Hunter Bradley,2018,20,0
Hunter Bradley,2019,22,0
Hunter Bradley,2020,18,0
Hunter Bradley,2021,11,0
Hunter Bradley,2022,2,0
J J Jansen,2009,19,0
J J Jansen,2010,20,0
J J Jansen,2011,20,0
J J Jansen,2012,20,0
J J Jansen,2013,21,0
J J Jansen,2014,22,0
J J Jansen,2015,23,0
J J Jansen,2016,20,0
J J Jansen,2017,21,0
J J Jansen,2018,20,0
J J Jansen,2019,19,0
J J Jansen,2020,16,0
J J Jansen,2021,20,0
J J Jansen,2022,20,0
J J Jansen,2023,20,0
J P Darche,2005,19,0
J P Darche,2006,1,0
J P Darche,2007,16,0
J P Darche,2008,11,0
Jack Coco,2022,20,0
Jacob Bobenmoyer,2020,16,0
Jacob Bobenmoyer,2021,20,0
Jacob Bobenmoyer,2022,16,0
Jacob Bobenmoyer,2023,20,0
Jake Ingram,2009,19,0
Jake Ingram,2010,26,0
Jake McQuaide,2011,20,0
Jake McQuaide,2012,20,0
Jake McQuaide,2013,20,0
Jake McQuaide,2014,20,0
Jake McQuaide,2015,20,0
Jake McQuaide,2016,20,0
Jake McQuaide,2017,21,0
Jake McQuaide,2018,21,0
Jake McQuaide,2019,20,0
Jake McQuaide,2020,18,0
Jake McQuaide,2021,22,0
Jake McQuaide,2022,7,0
Jake McQuaide,2023,12,0
James Dearth,2009,21,0
James Winchester,2015,22,0
James Winchester,2016,21,0
James Winchester,2017,21,0
James Winchester,2018,22,0
James Winchester,2019,23,0
James Winchester,2020,19,0
James Winchester,2021,23,0
James Winchester,2022,23,0
James Winchester,2023,24,0
Jared Retkofsky,2008,12,0
Jared Retkofsky,2009,2,0
Jason Kyle,2006,16,0
Jason Kyle,2007,16,0
Jason Kyle,2008,21,0
Jason Kyle,2009,22,0
Jason Kyle,2010,13,0
Jeff Overbaugh,2017,4,0
Jeff Overbaugh,2018,1,0
Jeff Robinson,2008,17,0
Jeff Robinson,2009,2,0
Jeremy Cain,2009,19,0
Jeremy Cain,2010,20,0
Jeremy Cain,2011,18,0
Jeremy Cain,2012,20,0
Jeremy Cain,2014,19,0
Jimmy Landes,2016,3,0
Joe Cardona,2015,22,0
Joe Cardona,2016,23,0
Joe Cardona,2017,23,0
Joe Cardona,2018,23,0
Joe Cardona,2019,21,0
Joe Cardona,2020,16,0
Joe Cardona,2021,19,0
Joe Cardona,2022,17,0
Joe Cardona,2023,20,0
Joe Maese,2005,3,0
Joe Zelenka,2005,17,0
Joe Zelenka,2006,16,0
Joe Zelenka,2007,18,0
Joe Zelenka,2008,20,0
Joe Zelenka,2009,7,0
Joe Zelenka,2010,21,0
Joe Zelenka,2011,21,0
John Denney,2007,16,0
John Denney,2008,21,0
John Denney,2009,19,0
John Denney,2010,20,0
John Denney,2011,20,0
John Denney,2012,20,0
John Denney,2013,21,0
John Denney,2014,20,0
John Denney,2015,20,0
John Denney,2016,21,0
John Denney,2017,19,0
John Denney,2018,19,0
Jon Condo,2005,3,0
Jon Condo,2007,16,0
Jon Condo,2008,20,0
Jon Condo,2009,19,0
Jon Condo,2010,20,0
Jon Condo,2011,20,0
Jon Condo,2012,20,0
Jon Condo,2013,20,0
Jon Condo,2014,20,0
Jon Condo,2015,17,0
Jon Condo,2016,21,0
Jon Condo,2017,20,0
Jon Condo,2018,4,0
Jon Condo,2019,1,0
Jon Dorenbos,2006,16,0
Jon Dorenbos,2007,16,0
Jon Dorenbos,2008,23,0
Jon Dorenbos,2009,20,0
Jon Dorenbos,2010,21,0
Jon Dorenbos,2011,20,0
Jon Dorenbos,2012,20,0
Jon Dorenbos,2013,20,0
Jon Dorenbos,2014,20,0
Jon Dorenbos,2015,20,0
Jon Dorenbos,2016,16,0
Jon Weeks,2016,22,0
Jon Weeks,2017,19,0
Jon Weeks,2018,21,0
Jon Weeks,2019,22,0
Jon Weeks,2023,22,0
Josh Harris,2012,22,0
Josh Harris,2013,20,0
Josh Harris,2014,20,0
Josh Harris,2015,20,0
Josh Harris,2016,23,0
Josh Harris,2017,22,0
Josh Harris,2018,15,0
Josh Harris,2019,20,0
Josh Harris,2020,16,0
Josh Harris,2021,20,0
Josh Harris,2022,21,0
Josh Harris,2023,20,0
Justin Drescher,2010,7,0
Justin Drescher,2011,22,0
Justin Drescher,2012,21,0
Justin Drescher,2013,22,0
Justin Drescher,2014,20,0
Justin Drescher,2015,19,0
Justin Drescher,2016,19,0
Justin Drescher,2017,11,0
Justin Snow,2006,20,0
Justin Snow,2007,17,0
Justin Snow,2008,22,0
Justin Snow,2009,20,0
Justin Snow,2010,21,0
Justin Snow,2011,20,0
Justin Snow,2012,12,0
Kameron Canaday,2016,7,0
Kameron Canaday,2017,21,0
Kameron Canaday,2018,20,0
Kameron Canaday,2019,19,0
Kameron Canaday,2020,17,0
Ken Amato,2009,20,0
Ken Amato,2010,20,0
Ken Amato,2011,20,0
Kendall Gammon,2006,17,0
Kevin Houser,2007,16,0
Kevin Houser,2008,20,0
Kevin Houser,2009,17,0
Kevin McDermott,2013,23,0
Kevin McDermott,2014,11,0
Kevin McDermott,2015,22,0
Kevin McDermott,2016,20,0
Kevin McDermott,2017,19,0
Kevin McDermott,2018,20,0
Kyle Nelson,2012,10,0
Kyle Nelson,2013,14,0
Kyle Nelson,2014,20,0
Kyle Nelson,2015,20,0
Kyle Nelson,2016,20,0
Kyle Nelson,2017,20,0
Kyle Nelson,2018,16,0
Kyle Nelson,2019,16,0
Kyle Nelson,2020,3,0
Kyle Nelson,2021,1,0
L P LaDouceur,2016,21,0
L P LaDouceur,2017,20,0
L P LaDouceur,2018,20,0
L P LaDouceur,2019,19,0
L P Ladouceur,2005,13,0
L P Ladouceur,2006,17,0
L P Ladouceur,2007,17,0
L P Ladouceur,2008,20,0
L P Ladouceur,2009,22,0
L P Ladouceur,2010,21,0
L P Ladouceur,2011,20,0
L P Ladouceur,2012,19,0
L P Ladouceur,2013,21,0
L P Ladouceur,2014,22,1
L P Ladouceur,2015,20,0
L P Ladouceur,2020,16,0
Liam McCullough,2022,20,0
Liam McCullough,2023,20,0
Lonie Paxton,2005,18,0
Lonie Paxton,2006,19,0
Lonie Paxton,2007,19,0
Lonie Paxton,2008,20,0
Lonie Paxton,2009,19,0
Lonie Paxton,2010,20,0
Lonie Paxton,2011,21,0
Lucas Gravelle,2018,4,0
Luke Rhodes,2017,20,0
Luke Rhodes,2018,22,0
Luke Rhodes,2019,20,0
Luke Rhodes,2020,17,0
Luke Rhodes,2021,19,0
Luke Rhodes,2022,20,0
Luke Rhodes,2023,20,0
Matt Katula,2005,16,0
Matt Katula,2006,17,0
Matt Katula,2007,16,0
Matt Katula,2008,23,0
Matt Katula,2009,21,0
Matt Katula,2010,9,0
Matt Katula,2011,8,0
Matt Overton,2012,21,0
Matt Overton,2013,22,0
Matt Overton,2014,23,0
Matt Overton,2015,20,0
Matt Overton,2016,20,0
Matt Overton,2017,13,0
Matt Overton,2018,11,0
Matt Overton,2020,10,0
Matt Overton,2021,19,0
Matt Overton,2022,15,0
Matthew Orzech,2019,20,0
Matthew Orzech,2023,22,0
Mike Leach,2007,16,0
Mike Leach,2008,20,0
Mike Leach,2009,22,0
Mike Leach,2010,20,0
Mike Leach,2011,20,0
Mike Leach,2012,21,0
Mike Leach,2013,20,0
Mike Leach,2014,21,0
Mike Leach,2015,22,0
Mike Schneck,2005,16,0
Mike Schneck,2006,16,0
Mike Schneck,2007,12,0
Mike Schneck,2008,21,0
Mike Schneck,2009,9,0
Mike Windt,2010,15,0
Mike Windt,2011,20,0
Mike Windt,2012,14,0
Mike Windt,2013,22,0
Mike Windt,2014,20,0
Mike Windt,2015,20,0
Mike Windt,2016,20,0
Mike Windt,2017,20,0
Mike Windt,2018,22,0
Mitchell Fraboni,2022,4,0
Mitchell Fraboni,2023,20,0
Morgan Cox,2010,19,0
Morgan Cox,2011,19,0
Morgan Cox,2012,24,0
Morgan Cox,2013,20,0
Morgan Cox,2014,11,0
Morgan Cox,2015,20,0
Morgan Cox,2016,20,0
Morgan Cox,2017,19,0
Morgan Cox,2018,20,0
Morgan Cox,2019,20,0
Morgan Cox,2020,17,0
Morgan Cox,2021,21,0
Morgan Cox,2022,20,0
Morgan Cox,2023,20,0
Nathan Hodel,2005,16,0
Nathan Hodel,2006,16,0
Nathan Hodel,2007,16,0
Nathan Hodel,2008,24,0
Nathan Hodel,2009,1,0
Nick Guess,2012,2,0
Nick Moore,2020,1,0
Nick Moore,2021,20,0
Nick Moore,2022,21,0
Nick Moore,2023,0,0
Nick Sundberg,2010,19,0
Nick Sundberg,2011,20,0
Nick Sundberg,2012,13,0
Nick Sundberg,2013,9,0
Nick Sundberg,2014,20,0
Nick Sundberg,2015,21,0
Nick Sundberg,2016,18,0
Nick Sundberg,2017,20,0
Nick Sundberg,2018,17,0
Nick Sundberg,2019,20,0
Nick Sundberg,2020,17,0
Nolan Frese,2016,20,0
Patrick Mannelly,2005,17,0
Patrick Mannelly,2006,19,0
Patrick Mannelly,2007,16,0
Patrick Mannelly,2008,18,0
Patrick Mannelly,2009,18,0
Patrick Mannelly,2010,21,0
Patrick Mannelly,2011,13,0
Patrick Mannelly,2012,20,0
Patrick Mannelly,2013,15,0
Patrick Scales,2014,4,0
Patrick Scales,2015,8,0
Patrick Scales,2016,20,0
Patrick Scales,2017,3,0
Patrick Scales,2018,21,0
Patrick Scales,2019,20,0
Patrick Scales,2020,17,0
Patrick Scales,2021,20,0
Patrick Scales,2022,20,0
Patrick Scales,2023,20,0
Reid Ferguson,2016,3,0
Reid Ferguson,2017,21,0
Reid Ferguson,2018,20,0
Reid Ferguson,2019,21,0
Reid Ferguson,2020,19,0
Reid Ferguson,2021,21,0
Reid Ferguson,2022,21,0
Reid Ferguson,2023,22,0
Rick Lovato,2015,6,0
Rick Lovato,2016,9,0
Rick Lovato,2017,23,0
Rick Lovato,2018,22,0
Rick Lovato,2019,21,0
Rick Lovato,2020,16,0
Rick Lovato,2021,21,0
Rick Lovato,2022,23,0
Rick Lovato,2023,21,0
Rob Davis,2005,16,0
Rob Davis,2006,16,0
Rob Davis,2007,18,0
Ross Matiscik,2020,16,0
Ross Matiscik,2021,20,0
Ross Matiscik,2022,23,0
Ross Matiscik,2023,18,0
Ryan DiSalvo,2017,3,0
Ryan Kuehl,2005,17,0
Ryan Kuehl,2006,17,0
Ryan Neill,2008,20,0
Ryan Neill,2009,11,0
Ryan Neill,2010,2,0
Ryan Pontbriand,2005,11,0
Ryan Pontbriand,2006,16,0
Ryan Pontbriand,2007,16,0
Ryan Pontbriand,2008,20,0
Ryan Pontbriand,2009,19,0
Ryan Pontbriand,2010,20,0
Ryan Pontbriand,2011,15,0
Scott Daly,2021,20,0
Scott Daly,2022,20,0
Scott Daly,2023,11,0
Steven Wirtel,2021,12,0
Tanner Purdum,2010,23,0
Tanner Purdum,2011,20,0
Tanner Purdum,2012,20,0
Tanner Purdum,2013,20,0
Tanner Purdum,2014,20,0
Tanner Purdum,2015,20,0
Tanner Purdum,2016,20,0
Taybor Pepper,2017,5,0
Taybor Pepper,2019,20,0
Taybor Pepper,2020,12,0
Taybor Pepper,2021,23,0
Taybor Pepper,2022,23,0
Taybor Pepper,2023,23,0
Thomas Fletcher,2021,3,0
Thomas Gafford,2009,18,0
Thomas Gafford,2010,21,0
Thomas Gafford,2011,20,0
Thomas Gafford,2012,20,0
Thomas Gafford,2013,21,0
Thomas Gafford,2014,20,0
Thomas Gafford,2015,36,0
Thomas Gafford,2016,6,0
Thomas Hennessy,2017,19,0
Thomas Hennessy,2018,20,0
Thomas Hennessy,2019,20,0
Thomas Hennessy,2020,16,0
Thomas Hennessy,2021,20,0
Thomas Hennessy,2022,20,0
Thomas Hennessy,2023,21,0
Trent Sieg,2018,20,0
Trent Sieg,2019,20,0
Trent Sieg,2020,16,0
Trent Sieg,2021,20,0
Trent Sieg,2022,21,0
Trent Sieg,2023,21,0
Tucker Addington,2022,3,0
Tucker Addington,2023,5,0
Tyler Ott,2015,4,0
Tyler Ott,2016,8,0
Tyler Ott,2017,20,0
Tyler Ott,2018,21,0
Tyler Ott,2019,22,0
Tyler Ott,2020,17,0
Tyler Ott,2021,20,0
Tyler Ott,2022,3,0
Tyler Ott,2023,22,0
Zach Triner,2019,20,0
Zach Triner,2020,20,0
Zach Triner,2021,14,0
Zach Triner,2022,21,0
Zach Triner,2023,22,0
Zach Wood,2017,22,0
Zach Wood,2018,22,0
Zach Wood,2019,20,0
Zach Wood,2020,18,0
Zach Wood,2021,19,0
Zach Wood,2022,20,0
Zach Wood,2023,20,0
Zak DeOssie,2009,19,0
Zak DeOssie,2010,20,0
Zak DeOssie,2011,24,0
Zak DeOssie,2012,20,0
Zak DeOssie,2013,20,0
Zak DeOssie,2014,21,0
Zak DeOssie,2015,16,0
Zak DeOssie,2016,21,0
Zak DeOssie,2017,20,0
Zak DeOssie,2018,20,0
Zak DeOssie,2019,13,0
