PLAYER,YEAR,TEAM,G,ATT,COMP,PCT,YDS,AVG,LNG,TD,INT,1st,1st%,20+,SCK,SCKY,RATE
AJ-McCarron,2015,Cincinnati Bengals,7,119,79,66.4,854,7.2,66,6,2,44,37,11,12,63,97.1
AJ-McCarron,2016,Cincinnati Bengals,1,,,,,,,,,,,,,,
AJ-McCarron,2017,Cincinnati Bengals,3,14,7,50,66,4.7,27,0,0,3,21.4,1,1,9,63.4
AJ-McCarron,2018,Las Vegas Raiders,2,3,1,33.3,8,2.7,8,0,0,0,0,0,1,7,42.4
AJ-McCarron,2019,Houston Texans,2,37,21,56.8,225,6.1,21,0,1,11,29.7,4,5,43,63.5
AJ-McCarron,2020,Houston Texans,2,1,1,100,20,20,20,0,0,1,100,1,1,12,118.8
AJ-McCarron,2023,Cincinnati Bengals,2,5,4,80,19,3.8,10,0,0,0,0,0,1,9,82.5
AJ-McCarron,TOTAL,,19,179,113,63.1,1192,6.7,66,6,3,59,33,17,21,143,86.6
Aaron-Rodgers,2005,Green Bay Packers,3,16,9,56.2,65,4.1,16,0,1,3,18.8,0,3,28,39.8
Aaron-Rodgers,2006,Green Bay Packers,2,15,6,40,46,3.1,16,0,0,2,13.3,0,3,18,48.2
Aaron-Rodgers,2007,Green Bay Packers,2,28,20,71.4,218,7.8,43,1,0,9,32.1,2,3,24,106
Aaron-Rodgers,2008,Green Bay Packers,16,536,341,63.6,4038,7.5,71,28,13,182,34,48,34,231,93.8
Aaron-Rodgers,2009,Green Bay Packers,16,541,350,64.7,4434,8.2,83,30,7,197,36.4,55,50,306,103.2
Aaron-Rodgers,2010,Green Bay Packers,15,475,312,65.7,3922,8.3,86,28,11,183,38.5,54,31,193,101.2
Aaron-Rodgers,2011,Green Bay Packers,15,502,343,68.3,4643,9.2,93,45,6,208,41.4,64,36,219,122.5
Aaron-Rodgers,2012,Green Bay Packers,16,552,371,67.2,4295,7.8,73,39,8,211,38.2,54,51,293,108
Aaron-Rodgers,2013,Green Bay Packers,9,290,193,66.6,2536,8.7,83,17,6,108,37.2,35,21,117,104.9
Aaron-Rodgers,2014,Green Bay Packers,16,520,341,65.6,4381,8.4,80,38,5,219,42.1,59,28,174,112.2
Aaron-Rodgers,2015,Green Bay Packers,16,572,347,60.7,3821,6.7,65,31,8,173,30.2,55,46,314,92.7
Aaron-Rodgers,2016,Green Bay Packers,16,610,401,65.7,4428,7.3,66,40,7,222,36.4,57,35,246,104.2
Aaron-Rodgers,2017,Green Bay Packers,7,238,154,64.7,1675,7,72,16,6,85,35.7,21,22,168,97.2
Aaron-Rodgers,2018,Green Bay Packers,16,597,372,62.3,4442,7.4,75,25,2,200,33.5,55,49,353,97.6
Aaron-Rodgers,2019,Green Bay Packers,16,569,353,62,4002,7,74,26,4,189,33.2,52,36,284,95.4
Aaron-Rodgers,2020,Green Bay Packers,16,526,372,70.7,4299,8.2,78,48,5,216,41.1,57,20,182,121.5
Aaron-Rodgers,2021,Green Bay Packers,16,531,366,68.9,4115,7.8,75,37,4,213,40.1,55,30,188,111.9
Aaron-Rodgers,2022,Green Bay Packers,17,542,350,64.6,3695,6.8,58,26,12,177,32.7,53,32,258,91.1
Aaron-Rodgers,2023,New York Jets,1,1,0,0,0,0,0,0,0,0,0,0,1,10,39.6
Aaron-Rodgers,TOTAL,,231,7661,5001,65.3,59055,7.7,93,475,105,2797,36.5,776,531,3606,103.6
Andy-Dalton,2011,Cincinnati Bengals,16,516,300,58.1,3398,6.6,84,20,13,156,30.2,48,24,160,80.4
Andy-Dalton,2012,Cincinnati Bengals,16,528,329,62.3,3669,7,59,27,16,171,32.4,37,46,229,87.4
Andy-Dalton,2013,Cincinnati Bengals,16,586,363,62,4293,7.3,82,33,20,204,34.8,56,29,182,88.8
Andy-Dalton,2014,Cincinnati Bengals,16,481,309,64.2,3398,7.1,81,19,17,158,32.8,33,21,124,83.5
Andy-Dalton,2015,Cincinnati Bengals,13,386,255,66.1,3250,8.4,80,25,7,147,38.1,52,20,118,106.2
Andy-Dalton,2016,Cincinnati Bengals,16,563,364,64.6,4206,7.5,86,18,8,204,36.2,53,41,264,91.8
Andy-Dalton,2017,Cincinnati Bengals,16,496,297,59.9,3320,6.7,77,25,12,162,32.7,33,39,255,86.6
Andy-Dalton,2018,Cincinnati Bengals,11,365,226,61.9,2566,7,49,21,11,132,36.2,38,21,157,89.6
Andy-Dalton,2019,Cincinnati Bengals,13,528,314,59.5,3494,6.6,66,16,14,170,32.2,41,37,249,78.3
Andy-Dalton,2020,Dallas Cowboys,11,333,216,64.9,2170,6.5,69,14,8,116,34.8,20,24,184,87.3
Andy-Dalton,2021,Chicago Bears,8,236,149,63.1,1515,6.4,60,8,9,83,35.2,11,18,143,76.8
Andy-Dalton,2022,New Orleans Saints,14,378,252,66.7,2871,7.6,64,18,9,135,35.7,28,25,189,95.2
Andy-Dalton,2023,Carolina Panthers,3,58,34,58.6,361,6.2,47,2,0,17,29.3,5,3,27,88.4
Andy-Dalton,TOTAL,,169,5454,3408,62.5,38511,7.1,86,246,144,1855,34,455,348,2281,87.6
Anthony-Brown,2016,Dallas Cowboys,16,51,37,14,0,0,8,1,0,0,0,0
Anthony-Brown,2017,Dallas Cowboys,16,51,42,9,1,0,11,2,0,16,8,16
Anthony-Brown,2018,Dallas Cowboys,15,43,37,6,2,0,8,1,0,1,1,1
Anthony-Brown,2019,Dallas Cowboys,9,17,11,6,0,0,5,,,,,
Anthony-Brown,2020,Dallas Cowboys,10,39,32,7,1,0,3,2,0,14,7,14
Anthony-Brown,2021,Dallas Cowboys,16,68,56,12,0,0,17,3,1,45,15,45
Anthony-Brown,2022,Dallas Cowboys,12,41,32,9,0,0,7,,,,,
Anthony-Brown,2023,San Francisco 49ers,2,,,,,,,,,,,
Anthony-Brown,TOTAL,,96,310,247,63,4,0,59,9,1,76,8.4,45
Anthony-Richardson,2023,Indianapolis Colts,4,84,50,59.5,577,6.9,39,3,1,31,36.9,9,7,29,87.2
Anthony-Richardson,TOTAL,,4,84,50,59.5,577,6.9,39,3,1,31,36.9,9,7,29,87.3
Bailey-Zappe,2022,New England Patriots,4,92,65,70.6,781,8.5,53,5,3,37,40.2,14,6,40,100.9
Bailey-Zappe,2023,New England Patriots,10,212,127,59.9,1272,6,48,6,9,53,25,17,25,191,68.8
Bailey-Zappe,TOTAL,,14,304,192,63.2,2053,6.8,53,11,12,90,29.6,31,31,231,78.5
Baker-Mayfield,2018,Cleveland Browns,14,486,310,63.8,3725,7.7,71,27,14,171,35.2,52,25,173,93.7
Baker-Mayfield,2019,Cleveland Browns,16,534,317,59.4,3827,7.2,89,22,21,179,33.5,57,40,285,78.8
Baker-Mayfield,2020,Cleveland Browns,16,486,305,62.8,3563,7.3,75,26,8,188,38.7,43,26,162,95.9
Baker-Mayfield,2021,Cleveland Browns,14,418,253,60.5,3010,7.2,71,17,13,143,34.2,42,43,269,83.1
Baker-Mayfield,2022,Carolina Panthers,7,206,119,57.8,1313,6.4,75,6,6,49,23.8,17,19,126,74.4
Baker-Mayfield,2022,Los Angeles Rams,5,129,82,63.6,850,6.6,39,4,2,45,34.9,12,17,91,86.4
Baker-Mayfield,2023,Tampa Bay Buccaneers,17,566,364,64.3,4044,7.1,75,28,10,188,33.2,60,40,232,94.6
Baker-Mayfield,TOTAL,,89,2825,1750,61.9,20332,7.2,89,130,74,963,34.1,283,210,1338,88.1
Ben-DiNucci,2020,Dallas Cowboys,3,43,23,53.5,219,5.1,32,0,0,11,25.6,1,7,73,67.9
Ben-DiNucci,TOTAL,,3,43,23,53.5,219,5.1,32,0,0,11,25.6,1,7,73,67.9
Blaine-Gabbert,2011,Jacksonville Jaguars,15,413,210,50.8,2214,5.4,74,12,11,109,26.4,25,40,293,65.4
Blaine-Gabbert,2012,Jacksonville Jaguars,10,278,162,58.3,1662,6,80,9,6,72,25.9,18,22,158,77.4
Blaine-Gabbert,2013,Jacksonville Jaguars,3,86,42,48.8,481,5.6,67,1,7,23,26.7,6,12,67,36
Blaine-Gabbert,2014,San Francisco 49ers,1,7,3,42.9,38,5.4,20,1,0,2,28.6,1,0,0,100
Blaine-Gabbert,2015,San Francisco 49ers,8,282,178,63.1,2031,7.2,71,10,7,83,29.4,27,25,164,86.2
Blaine-Gabbert,2016,San Francisco 49ers,6,160,91,56.9,925,5.8,75,5,6,51,31.9,10,11,48,68.4
Blaine-Gabbert,2017,Arizona Cardinals,5,171,95,55.6,1086,6.4,52,6,6,55,32.2,17,23,149,71.9
Blaine-Gabbert,2018,Tennessee Titans,8,101,61,60.4,626,6.2,35,4,4,32,31.7,4,5,37,74.9
Blaine-Gabbert,2020,Tampa Bay Buccaneers,4,16,9,56.2,143,8.9,35,2,0,5,31.2,4,1,7,125.8
Blaine-Gabbert,2021,Tampa Bay Buccaneers,6,11,7,63.6,67,6.1,23,0,0,4,36.4,1,1,10,80.5
Blaine-Gabbert,2022,Tampa Bay Buccaneers,1,8,6,75,29,3.6,13,1,0,2,25,0,0,0,119.3
Blaine-Gabbert,2023,Kansas City Chiefs,2,35,18,51.4,185,5.3,37,0,3,8,22.9,2,1,9,31.2
Blaine-Gabbert,TOTAL,,69,1568,882,56.2,9487,6.1,80,51,50,446,28.4,115,141,942,71.7
Brandon-Allen,2019,Denver Broncos,3,84,39,46.4,515,6.1,75,3,2,20,23.8,8,9,59,68.3
Brandon-Allen,2020,Cincinnati Bengals,5,142,90,63.4,925,6.5,72,5,4,42,29.6,10,7,51,82
Brandon-Allen,2021,Cincinnati Bengals,6,34,17,50,149,4.4,26,2,0,5,14.7,2,4,33,81.6
Brandon-Allen,2022,Cincinnati Bengals,1,3,3,100,22,7.3,13,0,0,1,33.3,0,1,0,97.2
Brandon-Allen,TOTAL,,15,263,149,56.7,1611,6.1,75,10,6,68,25.9,20,21,143,78
Brett-Rypien,2020,Denver Broncos,3,40,27,67.5,295,7.4,48,2,4,12,30,5,1,0,66.2
Brett-Rypien,2021,Denver Broncos,1,2,0,0,0,0,0,0,0,0,0,0,0,0,39.6
Brett-Rypien,2022,Denver Broncos,4,88,53,60.2,483,5.5,45,2,4,24,27.3,1,8,47,63.8
Brett-Rypien,2023,Los Angeles Rams,2,38,18,47.4,172,4.5,34,0,1,8,21,1,2,18,49.4
Brett-Rypien,TOTAL,,10,168,98,58.3,950,5.7,48,4,9,44,26.2,7,11,65,59.9
Brian-Hoyer,2009,New England Patriots,5,27,19,70.4,142,5.3,17,0,0,8,29.6,0,2,18,82.6
Brian-Hoyer,2010,New England Patriots,5,15,7,46.7,122,8.1,42,1,1,7,46.7,1,0,0,69.3
Brian-Hoyer,2011,New England Patriots,3,1,1,100,22,22,22,0,0,1,100,1,0,0,118.8
Brian-Hoyer,2012,Arizona Cardinals,2,53,30,56.6,330,6.2,53,1,2,13,24.5,4,4,30,65.8
Brian-Hoyer,2013,Cleveland Browns,3,96,57,59.4,615,6.4,47,5,3,33,34.4,6,6,48,82.6
Brian-Hoyer,2014,Cleveland Browns,14,438,242,55.2,3326,7.6,81,12,13,163,37.2,51,24,160,76.5
Brian-Hoyer,2015,Houston Texans,11,369,224,60.7,2606,7.1,49,19,7,130,35.2,32,25,185,91.4
Brian-Hoyer,2016,Chicago Bears,6,200,134,67,1445,7.2,64,6,0,75,37.5,13,4,18,98
Brian-Hoyer,2017,New England Patriots,5,6,4,66.7,42,7,27,0,0,2,33.3,1,0,0,86.8
Brian-Hoyer,2017,San Francisco 49ers,6,205,119,58,1245,6.1,59,4,4,62,30.2,13,16,112,74.1
Brian-Hoyer,2018,New England Patriots,5,2,1,50,7,3.5,7,0,0,0,0,0,0,0,58.3
Brian-Hoyer,2019,Indianapolis Colts,4,65,35,53.8,372,5.7,23,4,4,22,33.8,6,5,47,65.7
Brian-Hoyer,2020,New England Patriots,1,24,15,62.5,130,5.4,25,0,1,8,33.3,1,2,18,59.4
Brian-Hoyer,2021,New England Patriots,5,11,9,81.8,227,20.6,48,1,0,8,72.7,6,0,0,149
Brian-Hoyer,2022,New England Patriots,1,6,5,83.3,37,6.2,27,0,0,2,33.3,1,1,8,92.4
Brian-Hoyer,2023,Las Vegas Raiders,3,42,23,54.8,231,5.5,48,0,2,14,33.3,2,1,8,50.8
Brian-Hoyer,TOTAL,,79,1560,925,59.3,10899,7,81,53,37,548,35.1,138,90,652,82
Brock-Purdy,2022,San Francisco 49ers,9,170,114,67.1,1374,8.1,54,13,4,66,38.8,20,11,84,107.3
Brock-Purdy,2023,San Francisco 49ers,16,444,308,69.4,4280,9.6,76,31,11,192,43.2,72,28,153,113
Brock-Purdy,TOTAL,,25,614,422,68.7,5654,9.2,76,44,15,258,42,92,39,237,111.4
Bryce-Young,2023,Carolina Panthers,16,527,315,59.8,2877,5.5,48,11,10,133,25.2,26,62,477,73.7
Bryce-Young,TOTAL,,16,527,315,59.8,2877,5.5,48,11,10,133,25.2,26,62,477,73.7
Carson-Wentz,2016,Philadelphia Eagles,16,607,379,62.4,3782,6.2,73,16,14,191,31.5,39,33,213,79.2
Carson-Wentz,2017,Philadelphia Eagles,13,440,265,60.2,3296,7.5,72,33,7,160,36.4,40,28,162,101.9
Carson-Wentz,2018,Philadelphia Eagles,11,401,279,69.6,3074,7.7,58,21,7,159,39.6,37,31,202,102.2
Carson-Wentz,2019,Philadelphia Eagles,16,607,388,63.9,4039,6.6,53,27,7,213,35.1,52,37,230,93.1
Carson-Wentz,2020,Philadelphia Eagles,12,437,251,57.4,2620,6,59,16,15,130,29.8,27,50,326,72.8
Carson-Wentz,2021,Indianapolis Colts,17,516,322,62.4,3563,6.9,76,27,7,165,32,42,32,227,94.6
Carson-Wentz,2022,Washington Commanders,8,276,172,62.3,1755,6.4,75,11,9,85,30.8,22,26,159,80.2
Carson-Wentz,2023,Los Angeles Rams,2,24,17,70.8,163,6.8,29,2,1,11,45.8,1,2,14,99.8
Carson-Wentz,TOTAL,,95,3308,2073,62.7,22292,6.7,76,153,67,1114,33.7,260,239,1533,89.4
Case-Keenum,2013,Houston Texans,8,253,137,54.2,1760,7,66,9,6,76,30,26,19,201,78.2
Case-Keenum,2014,Houston Texans,2,77,45,58.4,435,5.6,35,2,2,21,27.3,6,3,15,72.2
Case-Keenum,2015,Los Angeles Rams,6,125,76,60.8,828,6.6,60,4,1,41,32.8,7,4,28,87.7
Case-Keenum,2016,Los Angeles Rams,10,322,196,60.9,2201,6.8,65,9,11,102,31.7,31,23,140,76.4
Case-Keenum,2017,Minnesota Vikings,15,481,325,67.6,3547,7.4,65,22,7,179,37.2,45,22,136,98.3
Case-Keenum,2018,Denver Broncos,16,586,365,62.3,3890,6.6,64,18,15,179,30.6,52,34,235,81.2
Case-Keenum,2019,Washington Commanders,10,247,160,64.8,1707,6.9,69,11,5,83,33.6,18,15,145,91.3
Case-Keenum,2020,Cleveland Browns,2,10,5,50,46,4.6,24,0,0,2,20,1,0,0,62.9
Case-Keenum,2021,Cleveland Browns,7,72,47,65.3,462,6.4,34,3,1,25,34.7,4,5,29,91.3
Case-Keenum,2022,Buffalo Bills,2,7,2,28.6,8,1.1,5,0,0,0,0,0,0,0,39.6
Case-Keenum,2023,Houston Texans,2,53,34,64.2,291,5.5,41,1,3,14,26.4,3,6,60,61.1
Case-Keenum,TOTAL,,80,2233,1392,62.3,15175,6.8,69,79,51,722,32.3,193,131,989,84.6
Clayton-Tune,2023,Arizona Cardinals,7,21,12,57.1,62,3,14,0,2,3,14.3,0,7,41,22.6
Clayton-Tune,TOTAL,,7,21,12,57.1,62,3,14,0,2,3,14.3,0,7,41,22.3
Cooper-Rush,2017,Dallas Cowboys,2,3,1,33.3,2,0.7,2,0,0,0,0,0,0,0,42.4
Cooper-Rush,2018,Dallas Cowboys,1,,,,,,,,,,,,,,
Cooper-Rush,2019,Dallas Cowboys,2,,,,,,,,,,,,,,
Cooper-Rush,2021,Dallas Cowboys,5,47,30,63.8,422,9,73,3,1,18,38.3,5,3,19,105.1
Cooper-Rush,2022,Dallas Cowboys,9,162,94,58,1051,6.5,46,5,3,52,32.1,13,7,49,80
Cooper-Rush,2023,Dallas Cowboys,7,24,18,75,144,6,29,0,1,7,29.2,2,1,8,72.2
Cooper-Rush,TOTAL,,26,236,143,60.6,1619,6.9,73,8,5,77,32.6,20,11,76,83.6
Dak-Prescott,2016,Dallas Cowboys,16,459,311,67.8,3667,8,83,23,4,182,39.6,38,25,143,104.9
Dak-Prescott,2017,Dallas Cowboys,16,490,308,62.9,3324,6.8,81,22,13,162,33.1,34,32,185,86.6
Dak-Prescott,2018,Dallas Cowboys,16,526,356,67.7,3885,7.4,90,22,8,184,35,39,56,347,96.9
Dak-Prescott,2019,Dallas Cowboys,16,596,388,65.1,4902,8.2,62,30,11,229,38.4,68,23,151,99.7
Dak-Prescott,2020,Dallas Cowboys,5,222,151,68,1856,8.4,58,9,4,93,41.9,25,10,66,99.6
Dak-Prescott,2021,Dallas Cowboys,16,596,410,68.8,4449,7.5,51,37,10,227,38.1,55,30,144,104.2
Dak-Prescott,2022,Dallas Cowboys,12,394,261,66.2,2860,7.3,68,23,15,142,36,37,20,126,91.1
Dak-Prescott,2023,Dallas Cowboys,17,590,410,69.5,4516,7.6,92,36,9,222,37.6,62,39,255,105.9
Dak-Prescott,TOTAL,,114,3873,2595,67,29459,7.6,92,202,74,1441,37.2,358,235,1417,99
Daniel-Jones,2019,New York Giants,13,459,284,61.9,3027,6.6,75,24,12,140,30.5,39,38,295,87.7
Daniel-Jones,2020,New York Giants,14,448,280,62.5,2943,6.6,53,11,10,158,35.3,31,45,286,80.4
Daniel-Jones,2021,New York Giants,11,361,232,64.3,2428,6.7,54,10,7,116,32.1,24,22,160,84.8
Daniel-Jones,2022,New York Giants,16,472,317,67.2,3205,6.8,65,15,5,156,33,27,44,243,92.5
Daniel-Jones,2023,New York Giants,6,160,108,67.5,909,5.7,58,2,6,43,26.9,9,30,167,70.6
Daniel-Jones,TOTAL,,60,1900,1221,64.3,12512,6.6,75,62,40,613,32.3,130,179,1151,85.2
David-Blough,2019,Detroit Lions,5,174,94,54,984,5.7,75,4,6,47,27,10,14,104,64
David-Blough,2020,Detroit Lions,1,10,6,60,49,4.9,20,0,1,1,10,1,1,10,32.9
David-Blough,2021,Detroit Lions,1,0,0,,0,,0,0,0,0,,0,1,6,
David-Blough,2022,Arizona Cardinals,2,58,38,65.5,402,6.9,77,2,2,18,31,3,5,24,82.7
David-Blough,TOTAL,,9,242,138,57,1435,5.9,77,6,9,66,27.3,14,21,144,67.1
Davis-Mills,2021,Houston Texans,13,394,263,66.8,2664,6.8,67,16,10,118,30,31,31,206,88.8
Davis-Mills,2022,Houston Texans,15,479,292,61,3118,6.5,58,17,15,135,28.2,50,31,244,78.8
Davis-Mills,2023,Houston Texans,6,39,18,46.2,173,4.4,19,2,0,12,30.8,0,2,13,76.1
Davis-Mills,TOTAL,,34,912,573,62.8,5955,6.5,67,35,25,265,29.1,81,64,463,83
Derek-Carr,2014,Las Vegas Raiders,16,599,348,58.1,3270,5.5,77,21,12,163,27.2,28,24,149,76.6
Derek-Carr,2015,Las Vegas Raiders,16,573,350,61.1,3987,7,68,32,13,183,31.9,53,31,230,91.1
Derek-Carr,2016,Las Vegas Raiders,15,560,357,63.8,3937,7,75,28,6,189,33.8,50,16,79,96.7
Derek-Carr,2017,Las Vegas Raiders,15,515,323,62.7,3496,6.8,87,22,13,165,32,43,20,101,86.4
Derek-Carr,2018,Las Vegas Raiders,16,553,381,68.9,4049,7.3,66,19,10,197,35.6,52,51,299,93.9
Derek-Carr,2019,Las Vegas Raiders,16,513,361,70.4,4054,7.9,75,21,8,191,37.2,54,29,184,100.8
Derek-Carr,2020,Las Vegas Raiders,16,517,348,67.3,4103,7.9,85,27,9,193,37.3,54,26,150,101.4
Derek-Carr,2021,Las Vegas Raiders,17,626,428,68.4,4804,7.7,61,23,14,217,34.7,67,40,241,94
Derek-Carr,2022,Las Vegas Raiders,15,502,305,60.8,3522,7,60,24,14,161,32.1,47,27,191,86.3
Derek-Carr,2023,New Orleans Saints,17,548,375,68.4,3878,7.1,58,25,8,185,33.8,47,31,218,97.7
Derek-Carr,TOTAL,,159,5506,3576,64.9,39100,7.1,87,242,107,1844,33.5,495,295,1842,92.3
Deshaun-Watson,2017,Houston Texans,7,204,126,61.8,1699,8.3,72,19,8,84,41.2,28,19,116,103
Deshaun-Watson,2018,Houston Texans,16,505,345,68.3,4165,8.2,73,26,9,202,40,51,62,384,103.1
Deshaun-Watson,2019,Houston Texans,15,495,333,67.3,3852,7.8,54,26,12,191,38.6,47,44,257,98
Deshaun-Watson,2020,Houston Texans,16,544,382,70.2,4823,8.9,77,33,7,221,40.6,69,49,293,112.4
Deshaun-Watson,2022,Cleveland Browns,6,170,99,58.2,1102,6.5,46,7,5,53,31.2,12,20,106,79.1
Deshaun-Watson,2023,Cleveland Browns,6,171,105,61.4,1115,6.5,59,7,4,52,30.4,12,17,85,84.3
Deshaun-Watson,TOTAL,,66,2089,1390,66.5,16756,8,77,118,45,803,38.4,219,211,1241,100.8
Desmond-Ridder,2022,Atlanta Falcons,4,115,73,63.5,708,6.2,40,2,0,37,32.2,7,9,33,86.4
Desmond-Ridder,2023,Atlanta Falcons,15,388,249,64.2,2836,7.3,71,12,12,136,35,34,31,197,83.4
Desmond-Ridder,TOTAL,,19,503,322,64,3544,7,71,14,12,173,34.4,41,40,230,84.1
Dorian-Thompson-Robinson,2023,Cleveland Browns,8,112,60,53.6,440,3.9,23,1,4,26,23.2,1,6,60,51.2
Dorian-Thompson-Robinson,TOTAL,,8,112,60,53.6,440,3.9,23,1,4,26,23.2,1,6,60,51.2
Drew-Lock,2019,Denver Broncos,5,156,100,64.1,1020,6.5,48,7,3,54,34.6,13,5,26,89.7
Drew-Lock,2020,Denver Broncos,13,443,254,57.3,2933,6.6,92,16,15,145,32.7,38,19,123,75.4
Drew-Lock,2021,Denver Broncos,6,111,67,60.4,787,7.1,44,2,2,32,28.8,13,9,52,80.4
Drew-Lock,2023,Seattle Seahawks,4,76,48,63.2,543,7.1,51,3,3,20,26.3,10,6,26,81.2
Drew-Lock,TOTAL,,28,786,469,59.7,5283,6.7,92,28,23,251,31.9,74,39,227,79.5
Easton-Stick,2020,Los Angeles Chargers,1,1,1,100,4,4,4,0,0,0,0,0,0,0,83.3
Easton-Stick,2023,Los Angeles Chargers,5,174,111,63.8,1129,6.5,79,3,1,53,30.5,12,14,122,85.6
Easton-Stick,TOTAL,,6,175,112,64,1133,6.5,79,3,1,53,30.3,12,14,122,85.7
Feleipe-Franks,2021,Atlanta Falcons,9,,,,,,,,,
Feleipe-Franks,2022,Atlanta Falcons,11,0,0,,0,0,0,,0,0
Feleipe-Franks,TOTAL,,20,0,0,0,0,0,0,0,0,0
Gardner-Minshew,2019,Jacksonville Jaguars,14,470,285,60.6,3271,7,70,21,6,150,31.9,43,33,184,91.2
Gardner-Minshew,2020,Jacksonville Jaguars,9,327,216,66.1,2259,6.9,51,16,5,117,35.8,27,27,147,95.8
Gardner-Minshew,2021,Philadelphia Eagles,4,60,41,68.3,439,7.3,36,4,1,24,40,7,5,31,104.8
Gardner-Minshew,2022,Philadelphia Eagles,5,76,44,57.9,663,8.7,78,3,3,30,39.5,11,6,28,83.4
Gardner-Minshew,2023,Indianapolis Colts,17,490,305,62.2,3305,6.7,75,15,9,147,30,36,34,187,84.6
Gardner-Minshew,TOTAL,,49,1423,891,62.6,9937,7,78,59,24,468,32.9,124,105,577,90.2
Geno-Smith,2013,New York Jets,16,443,247,55.8,3046,6.9,69,12,21,143,32.3,43,43,315,66.5
Geno-Smith,2014,New York Jets,14,367,219,59.7,2525,6.9,74,13,13,118,32.2,33,28,175,77.5
Geno-Smith,2015,New York Jets,1,42,27,64.3,265,6.3,28,2,1,14,33.3,3,3,19,87.9
Geno-Smith,2016,New York Jets,2,14,8,57.1,126,9,69,1,1,3,21.4,1,3,19,81.2
Geno-Smith,2017,New York Giants,2,36,21,58.3,212,5.9,47,1,0,8,22.2,3,3,12,84.5
Geno-Smith,2018,Los Angeles Chargers,5,4,1,25,8,2,8,0,0,0,0,0,1,16,39.6
Geno-Smith,2020,Seattle Seahawks,1,5,4,80,33,6.6,14,0,0,3,60,0,1,3,94.2
Geno-Smith,2021,Seattle Seahawks,4,95,65,68.4,702,7.4,84,5,1,31,32.6,11,13,117,103
Geno-Smith,2022,Seattle Seahawks,17,572,399,69.8,4282,7.5,54,30,11,206,36,50,46,348,100.9
Geno-Smith,2023,Seattle Seahawks,15,499,323,64.7,3624,7.3,73,20,9,169,33.9,46,31,231,92.1
Geno-Smith,TOTAL,,77,2077,1314,63.3,14823,7.1,84,84,57,695,33.5,190,172,1255,86.6
Ian-Book,2021,New Orleans Saints,1,20,12,60,135,6.8,56,0,2,5,25,1,8,54,40.6
Ian-Book,TOTAL,,1,20,12,60,135,6.8,56,0,2,5,25,1,8,54,38.5
Jacob-Eason,2021,Indianapolis Colts,1,5,2,40,25,5,15,0,1,2,40,0,0,0,16.7
Jacob-Eason,2022,Carolina Panthers,1,5,3,60,59,11.8,49,0,1,2,40,1,0,0,61.7
Jacob-Eason,TOTAL,,2,10,5,50,84,8.4,49,0,2,4,40,1,0,0,-4.6
Jacoby-Brissett,2016,New England Patriots,3,55,34,61.8,400,7.3,58,0,0,18,32.7,4,6,46,83.9
Jacoby-Brissett,2017,Indianapolis Colts,16,469,276,58.8,3098,6.6,80,13,7,143,30.5,32,52,305,81.7
Jacoby-Brissett,2018,Indianapolis Colts,4,4,2,50,2,0.5,4,0,0,1,25,0,0,0,56.2
Jacoby-Brissett,2019,Indianapolis Colts,15,447,272,60.8,2942,6.6,50,18,6,143,32,32,27,159,88
Jacoby-Brissett,2020,Indianapolis Colts,11,8,2,25,17,2.1,13,0,0,1,12.5,0,2,15,39.6
Jacoby-Brissett,2021,Miami Dolphins,11,225,141,62.7,1283,5.7,52,5,4,69,30.7,15,19,132,78.1
Jacoby-Brissett,2022,Cleveland Browns,16,369,236,64,2608,7.1,55,12,6,129,35,32,24,160,88.9
Jacoby-Brissett,2023,Washington Commanders,3,23,18,78.3,224,9.7,48,3,0,10,43.5,4,0,0,146.8
Jacoby-Brissett,TOTAL,,79,1600,981,61.3,10574,6.6,80,51,23,514,32.1,119,130,817,85.3
Jake-Browning,2023,Cincinnati Bengals,9,243,171,70.4,1936,8,80,12,7,93,38.3,25,24,169,98.4
Jake-Browning,TOTAL,,9,243,171,70.4,1936,8,80,12,7,93,38.3,25,24,169,98.4
Jake-Fromm,2021,New York Giants,3,60,27,45,210,3.5,36,1,3,10,16.7,2,6,33,38.9
Jake-Fromm,TOTAL,,3,60,27,45,210,3.5,36,1,3,10,16.7,2,6,33,38.9
Jake-Luton,2020,Jacksonville Jaguars,3,110,60,54.6,624,5.7,73,2,6,31,28.2,5,7,52,54.5
Jake-Luton,TOTAL,,3,110,60,54.5,624,5.7,73,2,6,31,28.2,5,7,52,54.5
Jalen-Hurts,2020,Philadelphia Eagles,15,148,77,52,1061,7.2,81,6,4,45,30.4,16,13,59,77.6
Jalen-Hurts,2021,Philadelphia Eagles,15,432,265,61.3,3144,7.3,91,16,9,143,33.1,44,26,150,87.2
Jalen-Hurts,2022,Philadelphia Eagles,15,460,306,66.5,3701,8,68,22,6,165,35.9,52,38,231,101.6
Jalen-Hurts,2023,Philadelphia Eagles,17,538,352,65.4,3858,7.2,63,23,15,185,34.4,48,36,222,89.1
Jalen-Hurts,TOTAL,,62,1578,1000,63.4,11764,7.5,91,67,34,538,34.1,160,113,662,91.1
Jameis-Winston,2015,Tampa Bay Buccaneers,16,535,312,58.3,4042,7.6,68,22,15,201,37.6,57,27,190,84.2
Jameis-Winston,2016,Tampa Bay Buccaneers,16,567,345,60.8,4090,7.2,45,28,18,214,37.7,43,35,239,86.1
Jameis-Winston,2017,Tampa Bay Buccaneers,13,442,282,63.8,3504,7.9,70,19,11,180,40.7,32,33,207,92.2
Jameis-Winston,2018,Tampa Bay Buccaneers,11,378,244,64.6,2992,7.9,64,19,14,152,40.2,34,27,157,90.2
Jameis-Winston,2019,Tampa Bay Buccaneers,16,626,380,60.7,5109,8.2,71,33,30,243,38.8,75,47,282,84.3
Jameis-Winston,2020,New Orleans Saints,4,11,7,63.6,75,6.8,19,0,0,5,45.4,0,2,11,83.5
Jameis-Winston,2021,New Orleans Saints,7,161,95,59,1170,7.3,72,14,3,56,34.8,11,11,69,102.8
Jameis-Winston,2022,New Orleans Saints,3,115,73,63.5,858,7.5,51,4,5,35,30.4,13,11,74,79.6
Jameis-Winston,2023,New Orleans Saints,7,47,25,53.2,264,5.6,30,2,3,10,21.3,4,2,13,57.4
Jameis-Winston,TOTAL,,93,2882,1763,61.2,22104,7.7,72,141,99,1096,38,269,195,1242,87
Jared-Goff,2016,Los Angeles Rams,7,205,112,54.6,1089,5.3,66,5,7,47,22.9,12,26,222,63.6
Jared-Goff,2017,Los Angeles Rams,15,477,296,62,3804,8,94,28,7,176,36.9,54,25,172,100.5
Jared-Goff,2018,Los Angeles Rams,16,561,364,64.9,4688,8.4,70,32,12,233,41.5,69,33,223,101.1
Jared-Goff,2019,Los Angeles Rams,16,626,394,62.9,4638,7.4,66,22,16,220,35.1,72,22,170,86.5
Jared-Goff,2020,Los Angeles Rams,15,552,370,67,3952,7.2,56,20,13,194,35.1,47,23,161,90
Jared-Goff,2021,Detroit Lions,14,494,332,67.2,3245,6.6,63,19,8,162,32.8,39,35,280,91.5
Jared-Goff,2022,Detroit Lions,17,587,382,65.1,4438,7.6,81,29,7,227,38.7,57,23,156,99.3
Jared-Goff,2023,Detroit Lions,17,605,407,67.3,4575,7.6,70,30,12,227,37.5,69,30,197,97.9
Jared-Goff,TOTAL,,117,4107,2657,64.7,30429,7.4,94,185,82,1486,36.2,419,217,1581,93.6
Jaren-Hall,2023,Minnesota Vikings,3,20,13,65,168,8.4,47,0,1,7,35,2,4,28,70.4
Jaren-Hall,TOTAL,,3,20,13,65,168,8.4,47,0,1,7,35,2,4,28,70.4
Jarrett-Stidham,2019,New England Patriots,3,4,2,50,14,3.5,11,0,1,1,25,0,1,7,18.8
Jarrett-Stidham,2020,New England Patriots,5,44,22,50,256,5.8,38,2,3,12,27.3,4,4,21,54.7
Jarrett-Stidham,2022,Las Vegas Raiders,5,83,53,63.9,656,7.9,60,4,3,32,38.6,11,7,47,89.2
Jarrett-Stidham,2023,Denver Broncos,3,66,40,60.6,496,7.5,54,2,1,19,28.8,8,7,46,87.7
Jarrett-Stidham,TOTAL,,16,197,117,59.4,1422,7.2,60,8,8,64,32.5,23,19,121,78.3
Jeff-Driskel,2018,Cincinnati Bengals,9,176,105,59.7,1003,5.7,37,6,2,50,28.4,15,16,122,82.2
Jeff-Driskel,2019,Detroit Lions,3,105,62,59,685,6.5,47,4,4,31,29.5,9,11,46,75.3
Jeff-Driskel,2020,Denver Broncos,3,64,35,54.7,432,6.8,45,3,2,18,28.1,6,11,98,78.4
Jeff-Driskel,2021,Houston Texans,1,,,,,,,,,,,,,,
Jeff-Driskel,2022,Houston Texans,7,20,14,70,108,5.4,28,1,0,5,25,1,2,13,99.6
Jeff-Driskel,2023,Cleveland Browns,1,26,13,50,166,6.4,31,2,2,8,30.8,2,3,26,63.9
Jeff-Driskel,TOTAL,,24,391,229,58.6,2394,6.1,47,16,10,112,28.6,33,43,305,79.4
Jimmy-Garoppolo,2014,New England Patriots,6,27,19,70.4,182,6.7,37,1,0,8,29.6,2,5,36,101.2
Jimmy-Garoppolo,2015,New England Patriots,5,4,1,25,6,1.5,6,0,0,0,0,0,0,0,39.6
Jimmy-Garoppolo,2016,New England Patriots,6,63,43,68.2,502,8,37,4,0,22,34.9,7,3,15,113.3
Jimmy-Garoppolo,2017,San Francisco 49ers,6,178,120,67.4,1560,8.8,61,7,5,78,43.8,20,8,57,96.2
Jimmy-Garoppolo,2018,San Francisco 49ers,3,89,53,59.6,718,8.1,56,5,3,35,39.3,9,13,97,90
Jimmy-Garoppolo,2019,San Francisco 49ers,16,476,329,69.1,3978,8.4,75,27,13,193,40.6,61,36,237,102
Jimmy-Garoppolo,2020,San Francisco 49ers,6,140,94,67.1,1096,7.8,76,7,5,55,39.3,10,11,77,92.4
Jimmy-Garoppolo,2021,San Francisco 49ers,15,441,301,68.2,3810,8.6,83,20,12,172,39,54,29,201,98.7
Jimmy-Garoppolo,2022,San Francisco 49ers,11,308,207,67.2,2437,7.9,57,16,4,114,37,31,18,100,103
Jimmy-Garoppolo,2023,Las Vegas Raiders,7,169,110,65.1,1205,7.1,32,7,9,60,35.5,9,14,101,77.6
Jimmy-Garoppolo,TOTAL,,81,1895,1277,67.4,15494,8.2,83,94,51,737,38.9,203,137,921,97.6
Joe-Burrow,2020,Cincinnati Bengals,10,404,264,65.4,2688,6.6,67,13,5,150,37.1,23,32,231,89.8
Joe-Burrow,2021,Cincinnati Bengals,16,520,366,70.4,4611,8.9,82,34,14,202,38.8,60,51,370,108.3
Joe-Burrow,2022,Cincinnati Bengals,16,606,414,68.3,4475,7.4,60,35,12,219,36.1,53,41,259,100.8
Joe-Burrow,2023,Cincinnati Bengals,10,365,244,66.8,2309,6.3,64,15,6,115,31.5,21,24,180,91
Joe-Burrow,TOTAL,,52,1895,1288,68,14083,7.4,82,97,37,686,36.2,157,148,1040,98.6
Joe-Flacco,2008,Baltimore Ravens,16,428,257,60,2971,6.9,70,14,12,143,33.4,37,32,276,80.3
Joe-Flacco,2009,Baltimore Ravens,16,499,315,63.1,3613,7.2,72,21,12,186,37.3,44,36,218,88.9
Joe-Flacco,2010,Baltimore Ravens,16,489,306,62.6,3622,7.4,67,25,10,174,35.6,40,40,294,93.6
Joe-Flacco,2011,Baltimore Ravens,16,542,312,57.6,3610,6.7,74,20,12,179,33,44,31,203,80.9
Joe-Flacco,2012,Baltimore Ravens,16,531,317,59.7,3817,7.2,61,22,10,174,32.8,60,35,227,87.8
Joe-Flacco,2013,Baltimore Ravens,16,614,362,59,3912,6.4,74,19,22,189,30.8,45,48,324,73.2
Joe-Flacco,2014,Baltimore Ravens,16,554,344,62.1,3986,7.2,80,27,12,194,35,50,19,167,91
Joe-Flacco,2015,Baltimore Ravens,10,413,266,64.4,2791,6.8,50,14,12,123,29.8,36,16,124,83.1
Joe-Flacco,2016,Baltimore Ravens,16,672,436,64.9,4317,6.4,95,20,15,204,30.4,40,33,243,83.5
Joe-Flacco,2017,Baltimore Ravens,16,549,352,64.1,3141,5.7,66,18,13,161,29.3,28,27,205,80.4
Joe-Flacco,2018,Baltimore Ravens,9,379,232,61.2,2465,6.5,71,12,6,122,32.2,29,16,79,84.2
Joe-Flacco,2019,Denver Broncos,8,262,171,65.3,1822,7,70,6,5,86,32.8,24,26,194,85.1
Joe-Flacco,2020,New York Jets,5,134,74,55.2,864,6.4,52,6,3,36,26.9,11,7,69,80.6
Joe-Flacco,2021,New York Jets,2,42,27,64.3,338,8,62,3,0,14,33.3,6,2,13,113
Joe-Flacco,2022,New York Jets,5,191,110,57.6,1051,5.5,66,5,3,55,28.8,7,10,66,75.2
Joe-Flacco,2023,Cleveland Browns,5,204,123,60.3,1616,7.9,75,13,8,60,29.4,27,8,57,90.2
Joe-Flacco,TOTAL,,188,6503,4004,61.6,43936,6.8,95,245,155,2100,32.3,528,386,2759,84.2
John-Wolford,2020,Los Angeles Rams,1,38,22,57.9,231,6.1,38,0,1,12,31.6,3,2,8,64.7
John-Wolford,2021,Los Angeles Rams,3,4,1,25,5,1.2,5,0,1,0,0,0,1,8,0
John-Wolford,2022,Los Angeles Rams,3,62,38,61.3,390,6.3,30,1,3,19,30.6,4,7,49,64.6
John-Wolford,TOTAL,,7,104,61,58.7,626,6,38,1,5,31,29.8,7,10,65,59.2
Jordan-Love,2021,Green Bay Packers,6,62,36,58.1,411,6.6,62,2,3,22,35.5,6,3,23,68.7
Jordan-Love,2022,Green Bay Packers,4,21,14,66.7,195,9.3,63,1,0,9,42.9,2,0,0,112.2
Jordan-Love,2023,Green Bay Packers,17,579,372,64.2,4159,7.2,77,32,11,209,36.1,55,30,242,96.1
Jordan-Love,TOTAL,,27,662,422,63.7,4765,7.2,77,35,14,240,36.3,63,33,265,94
Josh-Allen,2019,Jacksonville Jaguars,16,43,30,13,10.5,0,0,,,,,
Josh-Allen,2020,Jacksonville Jaguars,8,12,6,6,2.5,0,1,,,,,
Josh-Allen,2021,Jacksonville Jaguars,16,61,36,25,7.5,0,4,1,0,11,11,11
Josh-Allen,2022,Jacksonville Jaguars,17,48,26,22,7,0,2,,,,,
Josh-Allen,2023,Jacksonville Jaguars,17,60,37,23,17.5,0,1,1,0,8,8,8
Josh-Allen,TOTAL,,74,224,135,89,45,0,8,2,0,19,9.5,11
Josh-Harris,2012,Atlanta Falcons,16,,,0,,,
Josh-Harris,2013,Atlanta Falcons,16,,,0,,,
Josh-Harris,2014,Atlanta Falcons,16,,,0,,,
Josh-Harris,2015,Atlanta Falcons,16,,,0,,,
Josh-Harris,2016,Atlanta Falcons,16,,,0,,,
Josh-Harris,2017,Atlanta Falcons,16,1,0,0,,,
Josh-Harris,2018,Atlanta Falcons,11,,,,,,
Josh-Harris,2019,Atlanta Falcons,16,,,0,,,
Josh-Harris,2020,Atlanta Falcons,16,,,0,,,
Josh-Harris,2021,Atlanta Falcons,17,,,0,,,
Josh-Harris,2022,Los Angeles Chargers,17,,,0,,,
Josh-Harris,2023,Los Angeles Chargers,17,,,0,,,
Josh-Harris,TOTAL,,190,1,0,0,0,0,0
Josh-Johnson,2009,Tampa Bay Buccaneers,6,125,63,50.4,685,5.5,35,4,8,32,25.6,8,11,59,50.9
Josh-Johnson,2010,Tampa Bay Buccaneers,11,16,14,87.5,111,6.9,22,0,0,5,31.2,1,2,8,95.6
Josh-Johnson,2011,Tampa Bay Buccaneers,9,36,19,52.8,246,6.8,42,1,2,12,33.3,4,3,24,60.6
Josh-Johnson,2012,Cleveland Browns,1,0,0,,0,,0,0,0,0,,0,1,8,
Josh-Johnson,2013,Cincinnati Bengals,2,,,,,,,,,,,,,,
Josh-Johnson,2018,Washington Commanders,4,91,52,57.1,590,6.5,79,3,4,29,31.9,7,9,67,69.4
Josh-Johnson,2021,Baltimore Ravens,1,40,28,70,304,7.6,28,2,1,19,47.5,2,1,9,98.3
Josh-Johnson,2021,New York Jets,3,45,29,64.4,334,7.4,26,3,1,20,44.4,3,2,14,99.7
Josh-Johnson,2022,San Francisco 49ers,2,2,1,50,10,5,10,0,0,1,50,0,0,0,64.6
Josh-Johnson,TOTAL,,39,355,206,58,2280,6.4,79,13,16,118,33.2,25,29,189,70.6
Joshua-Dobbs,2018,Pittsburgh Steelers,5,12,6,50,43,3.6,22,0,1,2,16.7,1,0,0,24
Joshua-Dobbs,2020,Pittsburgh Steelers,1,5,4,80,2,0.4,3,0,0,0,0,0,0,0,79.2
Joshua-Dobbs,2022,Tennessee Titans,2,68,40,58.8,411,6,39,2,2,25,36.8,5,6,26,73.8
Joshua-Dobbs,2023,Arizona Cardinals,8,266,167,62.8,1569,5.9,69,8,5,82,30.8,16,17,126,81.2
Joshua-Dobbs,2023,Minnesota Vikings,5,151,95,62.9,895,5.9,29,5,5,44,29.1,13,13,91,76.4
Joshua-Dobbs,TOTAL,,21,502,312,62.2,2920,5.8,69,15,13,153,30.5,35,36,243,77.3
Justin-Fields,2021,Chicago Bears,12,270,159,58.9,1870,6.9,64,7,10,83,30.7,28,36,264,73.2
Justin-Fields,2022,Chicago Bears,15,318,192,60.4,2242,7,56,17,11,91,28.6,32,55,359,85.2
Justin-Fields,2023,Chicago Bears,13,370,227,61.4,2562,6.9,58,16,9,121,32.7,45,44,285,86.3
Justin-Fields,TOTAL,,40,958,578,60.3,6674,7,64,40,30,295,30.8,105,135,908,82.3
Justin-Herbert,2020,Los Angeles Chargers,15,595,396,66.6,4336,7.3,72,31,10,216,36.3,51,32,218,98.3
Justin-Herbert,2021,Los Angeles Chargers,17,672,443,65.9,5014,7.5,72,38,15,256,38.1,53,31,214,97.7
Justin-Herbert,2022,Los Angeles Chargers,17,699,477,68.2,4739,6.8,55,25,10,228,32.6,50,38,206,93.2
Justin-Herbert,2023,Los Angeles Chargers,13,456,297,65.1,3134,6.9,60,20,7,150,32.9,42,29,233,93.2
Justin-Herbert,TOTAL,,62,2422,1613,66.6,17223,7.1,72,114,42,850,35.1,196,130,871,95.7
Kellen-Mond,2021,Minnesota Vikings,1,3,2,66.7,5,1.7,6,0,0,0,0,0,0,0,70.1
Kellen-Mond,TOTAL,,1,3,2,66.7,5,1.7,6,0,0,0,0,0,0,0,64.6
Kenny-Pickett,2022,Pittsburgh Steelers,13,389,245,63,2404,6.2,57,7,9,123,31.6,28,27,182,76.7
Kenny-Pickett,2023,Pittsburgh Steelers,12,324,201,62,2070,6.4,72,6,4,91,28.1,25,23,173,81.4
Kenny-Pickett,TOTAL,,25,713,446,62.6,4474,6.3,72,13,13,214,30,53,50,355,78.8
Kirk-Cousins,2012,Washington Commanders,3,48,33,68.8,466,9.7,77,4,3,20,41.7,6,3,27,101.6
Kirk-Cousins,2013,Washington Commanders,5,155,81,52.3,854,5.5,62,4,7,41,26.4,7,5,32,58.4
Kirk-Cousins,2014,Washington Commanders,6,204,126,61.8,1710,8.4,81,10,9,75,36.8,27,8,70,86.4
Kirk-Cousins,2015,Washington Commanders,16,543,379,69.8,4166,7.7,78,29,11,204,37.6,50,26,186,101.6
Kirk-Cousins,2016,Washington Commanders,16,606,406,67,4917,8.1,80,25,12,225,37.1,69,23,190,97.2
Kirk-Cousins,2017,Washington Commanders,16,540,347,64.3,4093,7.6,74,27,13,191,35.4,59,41,342,93.8
Kirk-Cousins,2018,Minnesota Vikings,16,606,425,70.1,4298,7.1,75,30,10,218,36,47,40,262,99.7
Kirk-Cousins,2019,Minnesota Vikings,15,444,307,69.1,3603,8.1,66,26,6,165,37.2,52,28,206,107.4
Kirk-Cousins,2020,Minnesota Vikings,16,516,349,67.6,4265,8.3,71,35,13,212,41.1,58,39,256,105
Kirk-Cousins,2021,Minnesota Vikings,16,561,372,66.3,4221,7.5,64,33,7,192,34.2,60,28,197,103.1
Kirk-Cousins,2022,Minnesota Vikings,17,643,424,65.9,4547,7.1,66,29,14,230,35.8,47,46,329,92.5
Kirk-Cousins,2023,Minnesota Vikings,8,311,216,69.4,2331,7.5,62,18,5,112,36,34,17,110,103.8
Kirk-Cousins,TOTAL,,150,5177,3465,66.9,39471,7.6,81,270,110,1885,36.4,516,304,2207,98.2
Kyle-Allen,2018,Carolina Panthers,2,31,20,64.5,266,8.6,53,2,0,11,35.5,4,0,0,113.1
Kyle-Allen,2019,Carolina Panthers,13,489,303,62,3322,6.8,52,17,16,188,38.4,35,46,397,80
Kyle-Allen,2020,Washington Commanders,4,87,60,69,610,7,52,4,1,30,34.5,7,7,44,99.3
Kyle-Allen,2021,Washington Commanders,2,19,12,63.2,120,6.3,19,1,0,6,31.6,0,2,5,98.6
Kyle-Allen,2022,Houston Texans,2,78,46,59,416,5.3,39,2,4,19,24.4,4,5,41,60.6
Kyle-Allen,2023,Buffalo Bills,7,,,,,,,,,,,,,,
Kyle-Allen,TOTAL,,30,704,441,62.6,4734,6.7,53,26,21,254,36.1,50,60,487,82.2
Kyle-Trask,2022,Tampa Bay Buccaneers,1,9,3,33.3,23,2.6,9,0,0,1,11.1,0,0,0,42.4
Kyle-Trask,2023,Tampa Bay Buccaneers,2,1,0,0,0,0,0,0,0,0,0,0,0,0,39.6
Kyle-Trask,TOTAL,,3,10,3,30,23,2.3,9,0,0,1,10,0,0,0,36.7
Kyler-Murray,2019,Arizona Cardinals,16,542,349,64.4,3722,6.9,88,20,12,173,31.9,47,48,309,87.4
Kyler-Murray,2020,Arizona Cardinals,16,558,375,67.2,3971,7.1,80,26,12,205,36.7,44,27,176,94.3
Kyler-Murray,2021,Arizona Cardinals,14,481,333,69.2,3787,7.9,77,24,10,172,35.8,49,31,286,100.6
Kyler-Murray,2022,Arizona Cardinals,11,390,259,66.4,2368,6.1,38,14,7,119,30.5,27,25,192,87.2
Kyler-Murray,2023,Arizona Cardinals,8,268,176,65.7,1799,6.7,48,10,5,88,32.8,22,18,119,89.4
Kyler-Murray,TOTAL,,65,2239,1492,66.6,15647,7,88,94,46,757,33.8,189,149,1082,92.2
Lamar-Jackson,2018,Baltimore Ravens,16,170,99,58.2,1201,7.1,74,6,3,60,35.3,13,16,71,84.5
Lamar-Jackson,2019,Baltimore Ravens,15,401,265,66.1,3127,7.8,83,36,6,161,40.2,42,23,106,113.3
Lamar-Jackson,2020,Baltimore Ravens,15,376,242,64.4,2757,7.3,47,26,9,138,36.7,37,29,160,99.4
Lamar-Jackson,2021,Baltimore Ravens,12,382,246,64.4,2882,7.5,49,16,13,135,35.3,41,38,190,87
Lamar-Jackson,2022,Baltimore Ravens,12,326,203,62.3,2242,6.9,75,17,7,105,32.2,24,26,114,91.1
Lamar-Jackson,2023,Baltimore Ravens,16,457,307,67.2,3678,8,80,24,7,167,36.5,51,37,218,102.7
Lamar-Jackson,TOTAL,,86,2112,1362,64.5,15887,7.5,83,125,45,766,36.3,208,169,859,98
Logan-Thomas,2014,Arizona Cardinals,2,,,,,,,,,
Logan-Thomas,2017,Buffalo Bills,12,7,67,9.6,22,1,2,28.6,2,0
Logan-Thomas,2018,Buffalo Bills,12,12,77,6.4,24,0,3,25,1,0
Logan-Thomas,2019,Detroit Lions,16,16,173,10.8,17,1,10,62.5,0,0
Logan-Thomas,2020,Washington Commanders,16,72,670,9.3,30,6,36,50,5,0
Logan-Thomas,2021,Washington Commanders,6,18,196,10.9,35,3,10,55.6,2,0
Logan-Thomas,2022,Washington Commanders,14,39,323,8.3,27,1,15,38.5,2,0
Logan-Thomas,2023,Washington Commanders,16,55,496,9,29,4,21,38.2,3,0
Logan-Thomas,TOTAL,,94,219,2002,9.1,35,16,97,44.3,15,0
Logan-Woodside,2020,Tennessee Titans,6,3,1,33.3,7,2.3,7,0,0,1,33.3,0,0,0,42.4
Logan-Woodside,2021,Tennessee Titans,5,,,,,,,,,,,,,,
Logan-Woodside,2022,Atlanta Falcons,1,,,,,,,,,,,,,,
Logan-Woodside,2023,Atlanta Falcons,1,4,3,75,27,6.8,12,0,1,3,75,0,1,7,53.1
Logan-Woodside,TOTAL,,13,7,4,57.1,34,4.9,12,0,1,4,57.1,0,1,7,10.4
Mac-Jones,2021,New England Patriots,17,521,352,67.6,3801,7.3,75,22,13,177,34,52,28,241,92.5
Mac-Jones,2022,New England Patriots,14,442,288,65.2,2997,6.8,48,14,11,127,28.7,42,34,231,84.8
Mac-Jones,2023,New England Patriots,11,345,224,64.9,2120,6.1,58,10,12,100,29,17,22,127,77
Mac-Jones,TOTAL,,42,1308,864,66.1,8918,6.8,75,46,36,404,30.9,111,84,599,85.8
Malik-Cunningham,2023,Baltimore Ravens,1,,,,,,,,,,,,,,
Malik-Cunningham,2023,New England Patriots,1,0,0,,0,,0,0,0,0,,0,1,5,
Malik-Cunningham,TOTAL,,2,0,0,0,0,0,0,0,0,0,0,0,1,5,0
Malik-Willis,2022,Tennessee Titans,8,61,31,50.8,276,4.5,48,0,3,11,18,1,10,49,42.8
Malik-Willis,2023,Tennessee Titans,3,5,4,80,74,14.8,48,0,0,1,20,1,4,30,118.8
Malik-Willis,TOTAL,,11,66,35,53,350,5.3,48,0,3,12,18.2,2,14,79,49.4
Marcus-Mariota,2015,Tennessee Titans,12,370,230,62.2,2818,7.6,61,19,10,142,38.4,40,38,258,91.5
Marcus-Mariota,2016,Tennessee Titans,15,451,276,61.2,3426,7.6,60,26,9,158,35,50,23,156,95.6
Marcus-Mariota,2017,Tennessee Titans,15,453,281,62,3232,7.1,75,13,15,147,32.4,39,27,173,79.3
Marcus-Mariota,2018,Tennessee Titans,14,331,228,68.9,2528,7.6,61,11,8,121,36.6,31,42,243,92.3
Marcus-Mariota,2019,Tennessee Titans,7,160,95,59.4,1203,7.5,75,7,2,50,31.2,17,25,162,92.3
Marcus-Mariota,2020,Las Vegas Raiders,1,28,17,60.7,226,8.1,35,1,1,11,39.3,4,0,0,83.3
Marcus-Mariota,2021,Las Vegas Raiders,10,2,1,50,4,2,4,0,0,0,0,0,0,0,56.2
Marcus-Mariota,2022,Atlanta Falcons,13,300,184,61.3,2219,7.4,75,15,9,111,37,30,28,195,88.2
Marcus-Mariota,2023,Philadelphia Eagles,3,23,15,65.2,164,7.1,22,1,1,10,43.5,1,3,11,82.5
Marcus-Mariota,TOTAL,,90,2118,1327,62.7,15820,7.5,75,93,55,750,35.4,212,186,1198,89.2
Mason-Rudolph,2019,Pittsburgh Steelers,10,283,176,62.2,1765,6.2,76,13,9,80,28.3,21,15,124,82
Mason-Rudolph,2020,Pittsburgh Steelers,5,43,25,58.1,324,7.5,47,2,1,13,30.2,5,1,8,87.7
Mason-Rudolph,2021,Pittsburgh Steelers,2,58,35,60.3,277,4.8,36,1,1,16,27.6,2,0,0,70.8
Mason-Rudolph,2023,Pittsburgh Steelers,4,74,55,74.3,719,9.7,86,3,0,26,35.1,9,6,43,118
Mason-Rudolph,TOTAL,,21,458,291,63.5,3085,6.7,86,19,11,135,29.5,37,22,175,86.9
Matt-Barkley,2013,Philadelphia Eagles,3,49,30,61.2,300,6.1,26,0,4,17,34.7,3,3,24,44.6
Matt-Barkley,2014,Philadelphia Eagles,1,1,0,0,0,0,0,0,0,0,0,0,0,0,39.6
Matt-Barkley,2016,Chicago Bears,7,216,129,59.7,1611,7.5,37,8,14,89,41.2,21,6,43,68.3
Matt-Barkley,2018,Buffalo Bills,1,25,15,60,232,9.3,47,2,0,12,48,4,1,8,117.4
Matt-Barkley,2019,Buffalo Bills,2,51,27,52.9,359,7,41,0,3,15,29.4,6,2,10,51
Matt-Barkley,2020,Buffalo Bills,5,21,11,52.4,197,9.4,56,1,1,9,42.9,3,1,7,80.8
Matt-Barkley,2023,Jacksonville Jaguars,1,,,,,,,,,,,,,,
Matt-Barkley,TOTAL,,20,363,212,58.4,2699,7.4,56,11,22,142,39.1,37,13,92,66.6
Matthew-Stafford,2009,Detroit Lions,10,377,201,53.3,2267,6,75,13,20,111,29.4,26,24,169,61
Matthew-Stafford,2010,Detroit Lions,3,96,57,59.4,535,5.6,36,6,1,27,28.1,4,4,36,91.3
Matthew-Stafford,2011,Detroit Lions,16,663,421,63.5,5038,7.6,73,41,16,243,36.6,64,36,257,97.2
Matthew-Stafford,2012,Detroit Lions,16,727,435,59.8,4967,6.8,57,20,17,264,36.3,63,29,212,79.8
Matthew-Stafford,2013,Detroit Lions,16,634,371,58.5,4650,7.3,87,29,19,221,34.9,62,23,168,84.2
Matthew-Stafford,2014,Detroit Lions,16,602,363,60.3,4257,7.1,73,22,12,209,34.7,53,45,254,85.7
Matthew-Stafford,2015,Detroit Lions,16,592,398,67.2,4262,7.2,57,32,13,223,37.7,49,44,251,97
Matthew-Stafford,2016,Detroit Lions,16,594,388,65.3,4327,7.3,73,24,10,217,36.5,52,37,216,93.3
Matthew-Stafford,2017,Detroit Lions,16,565,371,65.7,4446,7.9,71,29,10,209,37,61,47,287,99.3
Matthew-Stafford,2018,Detroit Lions,16,555,367,66.1,3777,6.8,67,21,11,198,35.7,44,40,255,89.9
Matthew-Stafford,2019,Detroit Lions,8,291,187,64.3,2499,8.6,66,19,5,117,40.2,41,18,137,106
Matthew-Stafford,2020,Detroit Lions,16,528,339,64.2,4084,7.7,73,26,10,205,38.8,54,38,254,96.3
Matthew-Stafford,2021,Los Angeles Rams,17,601,404,67.2,4886,8.1,79,41,17,233,38.8,65,30,243,102.9
Matthew-Stafford,2022,Los Angeles Rams,9,303,206,68,2087,6.9,75,10,8,105,34.6,21,29,208,87.4
Matthew-Stafford,2023,Los Angeles Rams,15,521,326,62.6,3965,7.6,80,24,11,187,35.9,62,30,205,92.5
Matthew-Stafford,TOTAL,,206,7649,4834,63.2,56047,7.3,87,357,180,2769,36.2,721,474,3152,91
Mike-Ford,2018,Detroit Lions,7,24,23,1,0,0,1,,,,,
Mike-Ford,2019,Detroit Lions,15,11,10,1,0,0,2,,,,,
Mike-Ford,2020,Detroit Lions,9,10,9,1,0,0,1,,,,,
Mike-Ford,2021,Denver Broncos,13,5,5,0,0,0,0,,,,,
Mike-Ford,2022,Atlanta Falcons,17,11,6,5,0,0,0,,,,,
Mike-Ford,2023,Cleveland Browns,16,23,20,3,0,0,2,1,0,10,10,10
Mike-Ford,TOTAL,,77,84,73,11,0,0,6,1,0,10,10,10
Mike-White,2021,New York Jets,4,132,88,66.7,953,7.2,28,5,8,49,37.1,11,4,18,75.1
Mike-White,2022,New York Jets,4,175,103,58.9,1192,6.8,60,3,4,56,32,13,9,76,75.7
Mike-White,2023,Miami Dolphins,6,6,5,83.3,74,12.3,68,1,1,1,16.7,1,0,0,118.1
Mike-White,TOTAL,,14,313,196,62.6,2219,7.1,68,9,13,106,33.9,25,13,94,76.1
Mitchell-Trubisky,2017,Chicago Bears,12,330,196,59.4,2193,6.6,70,7,7,100,30.3,24,31,196,77.5
Mitchell-Trubisky,2018,Chicago Bears,14,434,289,66.6,3223,7.4,70,24,12,151,34.8,40,24,143,95.4
Mitchell-Trubisky,2019,Chicago Bears,15,516,326,63.2,3138,6.1,53,17,10,156,30.2,35,38,234,83
Mitchell-Trubisky,2020,Chicago Bears,10,297,199,67,2055,6.9,53,16,8,124,41.8,18,18,125,93.5
Mitchell-Trubisky,2021,Buffalo Bills,6,8,6,75,43,5.4,15,0,1,2,25,0,0,0,47.4
Mitchell-Trubisky,2022,Pittsburgh Steelers,7,180,117,65,1252,7,45,4,5,65,36.1,16,11,68,81.1
Mitchell-Trubisky,2023,Pittsburgh Steelers,5,107,67,62.6,632,5.9,26,4,5,36,33.6,7,7,42,71.9
Mitchell-Trubisky,TOTAL,,69,1872,1200,64.1,12536,6.7,70,72,48,634,33.9,140,129,808,85.5
Nate-Sudfeld,2017,Philadelphia Eagles,1,23,19,82.6,134,5.8,16,0,0,4,17.4,0,3,24,90.9
Nate-Sudfeld,2018,Philadelphia Eagles,2,2,1,50,22,11,22,1,0,1,50,1,0,0,129.2
Nate-Sudfeld,2020,Philadelphia Eagles,1,12,5,41.7,32,2.7,10,0,1,1,8.3,0,2,16,14.6
Nate-Sudfeld,2022,Detroit Lions,2,0,0,,0,,0,0,0,0,,0,1,7,
Nate-Sudfeld,TOTAL,,6,37,25,67.6,188,5.1,22,1,1,6,16.2,1,6,47,77.3
Nathan-Peterman,2017,Buffalo Bills,4,49,24,49,252,5.1,21,2,5,14,28.6,3,1,5,38.4
Nathan-Peterman,2018,Buffalo Bills,4,81,44,54.3,296,3.6,26,1,7,13,16,3,7,34,30.7
Nathan-Peterman,2020,Las Vegas Raiders,1,5,3,60,25,5,12,0,0,1,20,0,2,16,72.9
Nathan-Peterman,2021,Las Vegas Raiders,1,,,,,,,,,,,,,,
Nathan-Peterman,2022,Chicago Bears,3,25,14,56,139,5.6,28,1,1,9,36,2,1,6,68.6
Nathan-Peterman,2023,Chicago Bears,2,0,0,,0,,0,0,0,0,,0,1,5,
Nathan-Peterman,TOTAL,,15,160,85,53.1,712,4.4,28,4,13,37,23.1,8,12,66,39.4
Nick-Mullens,2018,San Francisco 49ers,8,274,176,64.2,2277,8.3,85,13,10,106,38.7,35,17,127,90.8
Nick-Mullens,2019,San Francisco 49ers,1,,,,,,,,,,,,,,
Nick-Mullens,2020,San Francisco 49ers,10,326,211,64.7,2437,7.5,49,12,12,120,36.8,33,19,139,84.1
Nick-Mullens,2021,Cleveland Browns,1,30,20,66.7,147,4.9,25,1,0,9,30,1,0,0,89.2
Nick-Mullens,2022,Minnesota Vikings,4,25,21,84,224,9,37,1,1,11,44,2,0,0,100.7
Nick-Mullens,2023,Minnesota Vikings,5,148,100,67.6,1306,8.8,47,7,8,57,38.5,25,12,105,88.4
Nick-Mullens,TOTAL,,29,803,528,65.8,6391,8,85,34,31,303,37.7,96,48,371,88.1
Patrick-Mahomes,2017,Kansas City Chiefs,1,35,22,62.9,284,8.1,51,0,1,14,40,2,2,15,76.4
Patrick-Mahomes,2018,Kansas City Chiefs,16,580,383,66,5097,8.8,89,50,12,237,40.9,75,26,171,113.8
Patrick-Mahomes,2019,Kansas City Chiefs,14,484,319,65.9,4031,8.3,83,26,5,176,36.4,50,17,127,105.3
Patrick-Mahomes,2020,Kansas City Chiefs,15,588,390,66.3,4740,8.1,75,38,6,238,40.5,67,22,147,108.2
Patrick-Mahomes,2021,Kansas City Chiefs,17,658,436,66.3,4839,7.4,75,37,13,260,39.5,58,28,146,98.4
Patrick-Mahomes,2022,Kansas City Chiefs,17,648,435,67.1,5250,8.1,67,41,12,272,42,73,26,188,105.2
Patrick-Mahomes,2023,Kansas City Chiefs,16,597,401,67.2,4183,7,67,27,14,206,34.5,50,27,186,92.6
Patrick-Mahomes,TOTAL,,96,3590,2386,66.5,28424,7.9,89,219,63,1403,39.1,375,148,980,103.5
Phillip-Walker,2020,Carolina Panthers,4,56,32,57.1,368,6.6,52,1,5,17,30.4,5,4,31,45.8
Phillip-Walker,2021,Carolina Panthers,5,66,36,54.6,362,5.5,24,1,3,19,28.8,1,7,47,56.5
Phillip-Walker,2022,Carolina Panthers,6,106,63,59.4,731,6.9,62,3,3,30,28.3,14,7,46,78
Phillip-Walker,2023,Cleveland Browns,6,111,54,48.6,674,6.1,58,1,5,27,24.3,11,11,90,52.2
Phillip-Walker,TOTAL,,21,339,185,54.6,2135,6.3,62,6,16,93,27.4,31,29,214,60
Russell-Wilson,2012,Seattle Seahawks,16,393,252,64.1,3118,7.9,67,26,10,149,37.9,42,33,203,100
Russell-Wilson,2013,Seattle Seahawks,16,407,257,63.1,3357,8.2,80,26,9,153,37.6,49,44,272,101.2
Russell-Wilson,2014,Seattle Seahawks,16,452,285,63,3475,7.7,80,20,7,159,35.2,54,42,242,95
Russell-Wilson,2015,Seattle Seahawks,16,483,329,68.1,4024,8.3,80,34,8,187,38.7,60,45,265,110.1
Russell-Wilson,2016,Seattle Seahawks,16,546,353,64.6,4219,7.7,59,21,11,193,35.4,51,41,293,92.6
Russell-Wilson,2017,Seattle Seahawks,16,553,339,61.3,3983,7.2,74,34,11,183,33.1,58,43,322,95.4
Russell-Wilson,2018,Seattle Seahawks,16,427,280,65.6,3448,8.1,66,35,7,156,36.5,47,51,355,110.9
Russell-Wilson,2019,Seattle Seahawks,16,516,341,66.1,4110,8,60,31,5,190,36.8,55,48,319,106.3
Russell-Wilson,2020,Seattle Seahawks,16,558,384,68.8,4212,7.6,62,40,13,213,38.2,45,47,301,105.1
Russell-Wilson,2021,Seattle Seahawks,14,400,259,64.8,3113,7.8,69,25,6,135,33.8,45,33,266,103
Russell-Wilson,2022,Denver Broncos,15,483,292,60.5,3524,7.3,67,16,11,142,29.4,54,55,368,84.4
Russell-Wilson,2023,Denver Broncos,15,447,297,66.4,3070,6.9,60,26,8,135,30.2,36,45,258,98
Russell-Wilson,TOTAL,,188,5665,3668,64.7,43653,7.7,80,334,106,1995,35.2,596,527,3464,100
Ryan-Tannehill,2012,Miami Dolphins,16,484,282,58.3,3294,6.8,80,12,13,151,31.2,40,35,234,76.1
Ryan-Tannehill,2013,Miami Dolphins,16,588,355,60.4,3913,6.6,67,24,17,204,34.7,46,58,399,81.7
Ryan-Tannehill,2014,Miami Dolphins,16,590,392,66.4,4045,6.9,50,27,12,224,38,41,46,337,92.8
Ryan-Tannehill,2015,Miami Dolphins,16,586,363,62,4208,7.2,54,24,12,193,32.9,57,45,420,88.7
Ryan-Tannehill,2016,Miami Dolphins,13,389,261,67.1,2995,7.7,74,19,12,132,33.9,37,29,216,93.5
Ryan-Tannehill,2018,Miami Dolphins,11,274,176,64.2,1979,7.2,75,17,9,92,33.6,19,35,279,92.7
Ryan-Tannehill,2019,Tennessee Titans,12,286,201,70.3,2742,9.6,91,22,6,126,44.1,41,31,212,117.5
Ryan-Tannehill,2020,Tennessee Titans,16,481,315,65.5,3819,7.9,75,33,7,202,42,44,24,173,106.5
Ryan-Tannehill,2021,Tennessee Titans,17,531,357,67.2,3734,7,57,21,14,192,36.2,35,47,327,89.6
Ryan-Tannehill,2022,Tennessee Titans,12,325,212,65.2,2536,7.8,69,13,6,116,35.7,35,33,238,94.6
Ryan-Tannehill,2023,Tennessee Titans,10,230,149,64.8,1616,7,70,4,7,74,32.2,21,32,230,78.5
Ryan-Tannehill,TOTAL,,155,4764,3063,64.3,34881,7.3,91,216,115,1706,35.8,416,415,3065,91.2
Sam-Darnold,2018,New York Jets,13,414,239,57.7,2865,6.9,76,17,15,130,31.4,40,30,204,77.6
Sam-Darnold,2019,New York Jets,13,441,273,61.9,3024,6.9,92,19,13,147,33.3,40,33,212,84.3
Sam-Darnold,2020,New York Jets,12,364,217,59.6,2208,6.1,69,9,11,109,30,27,35,234,72.7
Sam-Darnold,2021,Carolina Panthers,12,406,243,59.8,2527,6.2,63,9,13,123,30.3,30,35,204,71.9
Sam-Darnold,2022,Carolina Panthers,6,140,82,58.6,1143,8.2,52,7,3,57,40.7,17,10,78,92.6
Sam-Darnold,2023,San Francisco 49ers,10,46,28,60.9,297,6.5,48,2,1,15,32.6,3,6,40,85.1
Sam-Darnold,TOTAL,,66,1811,1082,59.7,12064,6.7,92,63,56,581,32.1,157,149,972,78.3
Sam-Ehlinger,2021,Indianapolis Colts,3,,,,,,,,,,,,,,
Sam-Ehlinger,2022,Indianapolis Colts,4,101,64,63.4,573,5.7,47,3,3,28,27.7,7,14,87,76
Sam-Ehlinger,2023,Indianapolis Colts,1,,,,,,,,,,,,,,
Sam-Ehlinger,TOTAL,,8,101,64,63.4,573,5.7,47,3,3,28,27.7,7,14,87,76.1
Sam-Howell,2022,Washington Commanders,1,19,11,57.9,169,8.9,52,1,1,6,31.6,4,3,11,83
Sam-Howell,2023,Washington Commanders,17,612,388,63.4,3946,6.4,51,21,21,180,29.4,44,65,449,78.9
Sam-Howell,TOTAL,,18,631,399,63.2,4115,6.5,52,22,22,186,29.5,48,68,460,79
Sean-Clifford,2023,Green Bay Packers,2,1,1,100,37,37,37,0,0,1,100,1,0,0,118.8
Sean-Clifford,TOTAL,,2,1,1,100,37,37,37,0,0,1,100,1,0,0,239.6
Sean-Mannion,2015,Los Angeles Rams,1,7,6,85.7,31,4.4,11,0,0,2,28.6,0,0,0,85.1
Sean-Mannion,2016,Los Angeles Rams,1,6,3,50,19,3.2,9,0,1,1,16.7,0,0,0,17.4
Sean-Mannion,2017,Los Angeles Rams,5,37,22,59.5,185,5,50,0,0,8,21.6,2,3,20,72.5
Sean-Mannion,2018,Los Angeles Rams,3,3,2,66.7,23,7.7,18,0,0,1,33.3,0,0,0,89.6
Sean-Mannion,2019,Minnesota Vikings,3,21,12,57.1,126,6,35,0,2,6,28.6,1,0,0,35.1
Sean-Mannion,2021,Minnesota Vikings,1,36,22,61.1,189,5.2,30,1,0,8,22.2,2,2,15,84.1
Sean-Mannion,TOTAL,,14,110,67,60.9,573,5.2,50,1,3,26,23.6,5,5,35,66.2
Skylar-Thompson,2022,Miami Dolphins,7,105,60,57.1,534,5.1,32,1,3,26,24.8,5,6,40,62.2
Skylar-Thompson,TOTAL,,7,105,60,57.1,534,5.1,32,1,3,26,24.8,5,6,40,62.2
Taylor-Heinicke,2017,Houston Texans,1,1,1,100,10,10,10,0,0,1,100,0,1,16,108.3
Taylor-Heinicke,2018,Carolina Panthers,6,57,35,61.4,320,5.6,33,1,3,19,33.3,2,2,17,60.6
Taylor-Heinicke,2020,Washington Commanders,1,19,12,63.2,137,7.2,29,1,0,6,31.6,2,1,7,102.3
Taylor-Heinicke,2021,Washington Commanders,16,494,321,65,3419,6.9,73,20,15,167,33.8,40,38,278,85.9
Taylor-Heinicke,2022,Washington Commanders,9,259,161,62.2,1859,7.2,61,12,6,93,35.9,20,19,141,89.6
Taylor-Heinicke,2023,Atlanta Falcons,5,136,74,54.4,890,6.5,75,5,4,41,30.2,11,8,47,74.7
Taylor-Heinicke,TOTAL,,38,966,604,62.5,6635,6.9,75,39,28,327,33.9,75,69,506,84.2
Taysom-Hill,2017,New Orleans Saints,5,,,,,,,,,,,,,,
Taysom-Hill,2018,New Orleans Saints,16,7,3,42.9,64,9.1,44,0,1,3,42.9,1,1,3,36.3
Taysom-Hill,2019,New Orleans Saints,16,6,3,50,55,9.2,20,0,0,3,50,1,1,9,81.9
Taysom-Hill,2020,New Orleans Saints,16,121,88,72.7,928,7.7,44,4,2,45,37.2,13,14,87,98.8
Taysom-Hill,2021,New Orleans Saints,12,134,78,58.2,978,7.3,70,4,5,43,32.1,14,9,64,75.4
Taysom-Hill,2022,New Orleans Saints,16,19,13,68.4,240,12.6,68,2,0,11,57.9,4,2,14,146.3
Taysom-Hill,2023,New Orleans Saints,16,11,6,54.6,83,7.6,44,1,0,4,36.4,1,2,4,109.3
Taysom-Hill,TOTAL,,97,298,191,64.1,2348,7.9,70,11,8,109,36.6,34,29,181,89.4
Teddy-Bridgewater,2014,Minnesota Vikings,13,402,259,64.4,2919,7.3,87,14,12,137,34.1,38,39,249,85.2
Teddy-Bridgewater,2015,Minnesota Vikings,16,447,292,65.3,3231,7.2,52,14,9,153,34.2,41,44,307,88.7
Teddy-Bridgewater,2017,Minnesota Vikings,1,2,0,0,0,0,0,0,1,0,0,0,0,0,0
Teddy-Bridgewater,2018,New Orleans Saints,5,23,14,60.9,118,5.1,18,1,1,8,34.8,0,2,8,70.6
Teddy-Bridgewater,2019,New Orleans Saints,9,196,133,67.9,1384,7.1,45,9,2,67,34.2,16,12,89,99.1
Teddy-Bridgewater,2020,Carolina Panthers,15,492,340,69.1,3733,7.6,75,15,11,174,35.4,49,31,205,92.1
Teddy-Bridgewater,2021,Denver Broncos,14,426,285,66.9,3052,7.2,64,18,7,146,34.3,33,31,211,94.9
Teddy-Bridgewater,2022,Miami Dolphins,5,79,49,62,683,8.6,64,4,4,32,40.5,7,7,45,85.6
Teddy-Bridgewater,2023,Detroit Lions,1,,,,,,,,,,,,,,
Teddy-Bridgewater,TOTAL,,79,2067,1372,66.4,15120,7.3,87,75,47,717,34.7,184,166,1114,90.5
Tim-Boyle,2019,Green Bay Packers,3,4,3,75,15,3.8,7,0,0,1,25,0,0,0,80.2
Tim-Boyle,2020,Green Bay Packers,8,0,0,,0,,0,0,0,0,,0,1,11,
Tim-Boyle,2021,Detroit Lions,5,94,61,64.9,526,5.6,42,3,6,28,29.8,8,0,0,63.5
Tim-Boyle,2022,Chicago Bears,1,8,2,25,33,4.1,17,0,2,2,25,0,0,0,4.7
Tim-Boyle,2023,New York Jets,3,77,48,62.3,360,4.7,36,1,4,16,20.8,2,9,64,56.2
Tim-Boyle,TOTAL,,20,183,114,62.3,934,5.1,42,4,12,47,25.7,10,10,75,55.2
Tom-Kennedy,2019,Detroit Lions,1,,,,,,,,,
Tom-Kennedy,2021,Detroit Lions,12,6,54,9,15,0,2,33.3,0,0
Tom-Kennedy,TOTAL,,20,14,195,13.9,44,0,9,64.3,2,1
Tommy-DeVito,2023,New York Giants,9,178,114,64,1101,6.2,41,8,3,46,25.8,16,37,196,89.2
Tommy-DeVito,TOTAL,,9,178,114,64,1101,6.2,41,8,3,46,25.8,16,37,196,89.2
Trace-McSorley,2019,Baltimore Ravens,1,,,,,,,,,,,,,,
Trace-McSorley,2020,Baltimore Ravens,2,10,3,30,90,9,70,1,0,2,20,1,0,0,97.9
Trace-McSorley,2022,Arizona Cardinals,6,83,45,54.2,412,5,47,0,5,17,20.5,4,3,27,42.8
Trace-McSorley,TOTAL,,9,93,48,51.6,502,5.4,70,1,5,19,20.4,5,3,27,48.8
Trevor-Lawrence,2021,Jacksonville Jaguars,17,602,359,59.6,3641,6,58,12,17,177,29.4,43,32,238,71.9
Trevor-Lawrence,2022,Jacksonville Jaguars,17,584,387,66.3,4113,7,59,25,8,206,35.3,55,27,184,95.2
Trevor-Lawrence,2023,Jacksonville Jaguars,16,564,370,65.6,4016,7.1,65,21,14,179,31.7,49,35,224,88.5
Trevor-Lawrence,TOTAL,,50,1750,1116,63.8,11770,6.7,65,58,39,562,32.1,147,94,646,85
Trevor-Siemian,2015,Denver Broncos,1,,,,,,,,,,,,,,
Trevor-Siemian,2016,Denver Broncos,14,486,289,59.5,3401,7,76,18,10,155,31.9,37,31,187,84.6
Trevor-Siemian,2017,Denver Broncos,11,349,206,59,2285,6.6,44,12,14,112,32.1,37,33,220,73.3
Trevor-Siemian,2019,New York Jets,1,6,3,50,3,0.5,3,0,0,0,0,0,2,17,56.2
Trevor-Siemian,2021,New Orleans Saints,6,188,108,57.4,1154,6.1,46,11,3,61,32.4,15,9,64,88.4
Trevor-Siemian,2022,Chicago Bears,2,26,15,57.7,184,7.1,33,1,1,7,26.9,4,2,14,76.4
Trevor-Siemian,2023,New York Jets,5,153,86,56.2,724,4.7,30,2,4,35,22.9,8,8,40,62.1
Trevor-Siemian,TOTAL,,40,1208,707,58.5,7751,6.4,76,44,32,370,30.6,101,85,542,78.7
Trey-Lance,2021,San Francisco 49ers,6,71,41,57.8,603,8.5,76,5,2,27,38,8,4,15,97.3
Trey-Lance,2022,San Francisco 49ers,2,31,15,48.4,194,6.3,44,0,1,6,19.4,4,2,9,55
Trey-Lance,TOTAL,,8,102,56,54.9,797,7.8,76,5,3,33,32.4,12,6,24,84.5
Tua-Tagovailoa,2020,Miami Dolphins,10,290,186,64.1,1814,6.3,35,11,5,100,34.5,15,20,136,87
Tua-Tagovailoa,2021,Miami Dolphins,13,388,263,67.8,2653,6.8,65,16,10,137,35.3,30,20,152,90.1
Tua-Tagovailoa,2022,Miami Dolphins,13,400,259,64.8,3548,8.9,84,25,8,162,40.5,50,21,163,105.5
Tua-Tagovailoa,2023,Miami Dolphins,17,560,388,69.3,4624,8.3,78,29,14,222,39.6,58,29,171,101.1
Tua-Tagovailoa,TOTAL,,53,1638,1096,66.9,12639,7.7,84,81,37,621,37.9,153,90,622,97.1
Tyler-Huntley,2020,Baltimore Ravens,2,5,3,60,15,3,8,0,0,0,0,0,0,0,64.6
Tyler-Huntley,2021,Baltimore Ravens,7,188,122,64.9,1081,5.8,43,3,4,55,29.3,11,18,107,76.6
Tyler-Huntley,2022,Baltimore Ravens,6,112,75,67,658,5.9,40,2,3,31,27.7,5,7,34,77.2
Tyler-Huntley,2023,Baltimore Ravens,5,37,21,56.8,203,5.5,27,3,0,13,35.1,1,4,28,99.3
Tyler-Huntley,TOTAL,,20,342,221,64.6,1957,5.7,43,8,7,99,28.9,17,29,169,79
Tyree-Jackson,2021,Philadelphia Eagles,9,3,22,7.3,13,1,2,66.7,0,0
Tyree-Jackson,2022,Philadelphia Eagles,5,,,,,,,,,
Tyree-Jackson,2023,New York Giants,2,,,,,,,,,
Tyree-Jackson,TOTAL,,16,3,22,7.3,13,1,2,66.7,0,0
Tyrod-Taylor,2011,Baltimore Ravens,3,1,1,100,18,18,18,0,0,1,100,0,2,3,118.8
Tyrod-Taylor,2012,Baltimore Ravens,7,29,17,58.6,179,6.2,25,0,1,8,27.6,2,3,30,62.3
Tyrod-Taylor,2013,Baltimore Ravens,3,5,1,20,2,0.4,2,0,1,0,0,0,0,0,0
Tyrod-Taylor,2014,Baltimore Ravens,1,,,,,,,,,,,,,,
Tyrod-Taylor,2015,Buffalo Bills,14,380,242,63.7,3035,8,63,20,6,129,34,45,36,212,99.4
Tyrod-Taylor,2016,Buffalo Bills,15,436,269,61.7,3023,6.9,84,17,6,147,33.7,33,42,192,89.6
Tyrod-Taylor,2017,Buffalo Bills,15,420,263,62.6,2799,6.7,47,14,4,134,31.9,36,46,256,89.2
Tyrod-Taylor,2018,Cleveland Browns,4,85,42,49.4,473,5.6,47,2,2,17,20,7,13,81,64.5
Tyrod-Taylor,2019,Los Angeles Chargers,8,6,4,66.7,33,5.5,14,1,0,3,50,0,0,0,120.1
Tyrod-Taylor,2020,Los Angeles Chargers,2,30,16,53.3,208,6.9,37,0,0,10,33.3,3,2,1,75.4
Tyrod-Taylor,2021,Houston Texans,6,150,91,60.7,966,6.4,52,5,5,44,29.3,13,13,119,76.7
Tyrod-Taylor,2022,New York Giants,3,8,6,75,58,7.2,19,1,1,3,37.5,0,3,18,94.8
Tyrod-Taylor,2023,New York Giants,11,180,116,64.4,1341,7.4,80,5,3,52,28.9,19,17,94,89.1
Tyrod-Taylor,TOTAL,,92,1730,1068,61.7,12135,7,84,65,29,548,31.7,158,177,1006,88.3
Tyson-Bagent,2023,Chicago Bears,5,143,94,65.7,859,6,41,3,6,48,33.6,3,5,35,71.4
Tyson-Bagent,TOTAL,,5,143,94,65.7,859,6,41,3,6,48,33.6,3,5,35,71.4
Will-Grier,2019,Carolina Panthers,2,52,28,53.8,228,4.4,28,0,4,12,23.1,1,6,44,33.2
Will-Grier,TOTAL,,2,52,28,53.8,228,4.4,28,0,4,12,23.1,1,6,44,33.2
Will-Levis,2023,Tennessee Titans,9,255,149,58.4,1808,7.1,61,8,4,81,31.8,32,28,185,84.2
Will-Levis,TOTAL,,9,255,149,58.4,1808,7.1,61,8,4,81,31.8,32,28,185,84.2
Zach-Wilson,2021,New York Jets,13,383,213,55.6,2334,6.1,54,9,11,112,29.2,32,44,370,69.7
Zach-Wilson,2022,New York Jets,9,242,132,54.6,1688,7,79,6,7,73,30.2,26,23,175,72.8
Zach-Wilson,2023,New York Jets,12,368,221,60,2271,6.2,68,8,7,104,28.3,27,46,340,77.2
Zach-Wilson,TOTAL,,34,993,566,57,6293,6.3,79,23,25,289,29.1,85,113,885,73.2
